Workbook

Sheet PLOs
H1: المجال الأول : عمق المعرفة / Knowledge and Understanding | Q1: المجال الثاني : المهارات / Skills /Critical أولاً : التفكير الناقد /Critical Thinking | W1: المجال الثاني : المهارات / Skills /Critical ثانياً : التواصل الفعال /Effective communication | AA1: المجال الثاني : المهارات / Skills /Critical Thinking ثالثاً : المهارات التقنية /Technical skills | AG1: المجال الثاني : المهارات / Skills /Critical Thinking رابعاً :الابتكار وريادة الأعمال/Innovation and Entrepreneurship | AI1: المجال الثاني : المهارات / Skills /Critical Thinking خامساً : البحث العلمي /Research | AK1: المجال الثالث : القيم / Values أولاً : القيادة والمسؤولية /Leadership and Responsibility | AM1: المجال الثالث : القيم / Values ثانياً :المبادرة و التكيف /Initiative and adaptation | AO1: المجال الثالث : القيم / Values ثالثاً :النزاهة و أخلاقيات المهنة/Integrity and Professional ethics | AQ1: المجال الثالث : القيم / Values رابعاً : الوسطية و الاعتزاز بالهوية الوطنية/ | AS1: المجال الثالث : القيم / Values خامساً: التعلم مدى الحياة / Lifelong learning | AU1: المجال الثالث : القيم / Values سادساً :العمل التطوعي و المسؤولية المجتمعية /Volunteer work and social responsibility
A2: اسم البرنامج Program Name | B2: المخرج التعليمي لعمق المعرفة / Knowledge & Understanding output (K1) | C2: قيمة المخرج التعليمي لعمق المعرفة / ( K1 ) Output value | D2: المخرج التعليمي لعمق المعرفة /Knowledge & Understanding output (K2) | E2: قيمة المخرج التعليمي لعمق المعرفة / Output value ( K2 ) | F2: المخرج التعليمي لعمق المعرفة /Knowledge & Understanding output (K3) | G2: قيمة المخرج التعليمي لعمق المعرفة / Output value ( K3 ) | H2: المخرج التعليمي لعمق المعرفة /Knowledge & Understanding output (K4) | I2: قيمة المخرج التعليمي لعمق المعرفة / Output value ( K4 ) | J2: المخرج التعليمي لعمق المعرفة /Knowledge & Understanding output (K5) | K2: قيمة المخرج التعليمي لعمق المعرفة / Output value ( K5 ) | L2: المخرج التعليمي للتفكير الناقد / Critical Thinking output (S1) | M2: قيمة المخرج التعليمي للتفكير الناقد /Output value (S1) | N2: المخرج التعليمي للتفكير الناقد /Critical Thinking output (S2) | O2: قيمة المخرج التعليمي للتفكير الناقد / Output value (S2) | P2: المخرج التعليمي للتفكير الناقد للتفكير الناقد /Critical Thinking output (S3) | Q2: قيمة المخرج التعليمي للتفكير الناقد / Output value (S3) | R2: المخرج التعليمي للتواصل الفعال / Effective communication output (S1) | S2: قيمة المخرج التعليمي للتواصل الفعال / Output value (S1) | T2: المخرج التعليمي للتواصل الفعال/ Effective communication output (S2) | U2: قيمة المخرج التعليمي للتواصل الفعال/Output value (S2) | V2: المخرج التعليمي للمهارات التقنية / Technical skills output (S1) | W2: قيمة المخرج التعليمي للمهارات التقنية / Output value (S1) | X2: المخرج التعليمي للمهارات التقنية / Technical skills output (S2) | Y2: قيمة المخرج التعليمي للمهارات التقنية / Output value (S2) | Z2: المخرج التعليمي للمهارات التقنية / Technical skills output (S3) | AA2: قيمة المخرج التعليمي للمهارات التقنية / Output value (S3) | AB2: المخرج التعليمي للإبتكار و ريادة الأعمال /Innovation and Entrepreneurship output (S1) | AC2: قيمة المخرج التعليمي للإبتكار و ريادة الأعمال / Output value (S1) | AD2: المخرج التعليمي للبحث العلمي / Research output (S1) | AE2: قيمة المخرج التعليمي للبحث العلمي / Output value (S1) | AF2: المخرج التعليمي للقيادة والمسؤولية / Leadership and Responsibility output (V1) | AG2: قيمة المخرج التعليمي للقيادة والمسؤولية / Output value ( V1) | AH2: المخرج التعليمي للمبادرة والتكيف / Initiative and adaptation output (V1) | AI2: قيمة المخرج التعليمي المبادرة و التكيف/ Output value ( v1 ) | AJ2: المخرج التعليمي للنزاهةو أخلاقيات المهنة / Integrity and Professional ethics output (V1) | AK2: قيمة المخرج التعليمي النزاهة وأخلاقيات المهنة/ Output value (V1 ) | AL2: المخرج التعليمي للوسطية و الاعتزاز بالهوية الوطنية / Moderation and Pride in national identity output (V1) | AM2: قيمة المخرج التعليمي الوسطية و الاعتزاز بالهوية الوطنية / Output value (V1) | AN2: المخرج التعليمي للتعلم مدى الحياة / Lifelong learning output (V1) | AO2: قيمة المخرج التعليمي للتعلم مدى الحياة / Output value (V1) | AP2: المخرج التعليمي للعمل التطوعي والمسؤولية المجتمعية / Volunteer work and social responsibility output (V1) | AQ2: قيمة المخرج التعليمي للعمل التطوعي والمسؤولية المجتمعية / Output value ( V1 )
A3: برنامج التصميم الجرافيكي (بكالوريوس) - كلية الفنون | B3: (ع1) يتعرف على المفاهيم والنظريات والاتجاهات الفنية في مجال التصميم الجرافيكي. | C3: 0.75 | D3: (ع2) يستعرض خصائص الخامات الرقمية والأدوات والتطبيقات التقنية وطرق استخدامها. | E3: 0.75 | F3: (ع3) يوضح الأساليب الفنية والتقنية والبحثية المختلفة في مجال التصميم الجرافيكي. | G3: 0.75 | L3: (م1) يقارن بين الأدوات والأساليب التقنية والمعرفية في مجال التصميم الجرافيكي. | M3: 0.75 | N3: (م2) يطبق المفاهيم والمهارات والاستراتيجيات والنظريات في مجال التصميم الجرافيكي. | O3: 0.75 | R3: (ق3) يتعاون بفاعلية ضمن مجموعات العمل من خلال العروض التقديمية والكتابية لبناء العلاقات المهنية. | S3: 0.75 | T3: (م4) ينتج أعمال وتقارير ومشاريع مبتكرة في مجال التصميم الجرافيكي تساهم في الرفع من جودة الحياة. | U3: 0.75 | V3: (م3) يصمم باستخدام التقنيات والبرامج لإنتاج أعمال تساهم في تعزيز الهوية الوطنية والثقافية. | W3: 0.75 | X3: (م2) يطبق المفاهيم والمهارات والاستراتيجيات والنظريات في مجال التصميم الجرافيكي. | Y3: 0.75 | Z3: (م1) يقارن بين الأدوات والأساليب التقنية والمعرفية في مجال التصميم الجرافيكي. | AA3: 0.75 | AB3: (م4) ينتج أعمال وتقارير ومشاريع مبتكرة في مجال التصميم الجرافيكي تساهم في الرفع من جودة الحياة. | AC3: 0.75 | AD3: (م4) ينتج أعمال وتقارير ومشاريع مبتكرة في مجال التصميم الجرافيكي تساهم في الرفع من جودة الحياة. | AE3: 0.75 | AF3: (ق3) يتعاون بفاعلية ضمن مجموعات العمل من خلال العروض التقديمية والكتابية لبناء العلاقات المهنية. | AG3: 0.75 | AJ3: (ق1) يلتزم بالأخلاقيات المهنية والحقوق الفكرية في التصميم. | AK3: 0.75 | AL3: (ق2) يقدر أهمية العمل اليدوي والتقني وارتباطه بالهوية الثقافية. | AM3: 0.75 | AP3: (م4) ينتج أعمال وتقارير ومشاريع مبتكرة في مجال التصميم الجرافيكي تساهم في الرفع من جودة الحياة. | AQ3: 0.75

Sheet Results
A1: درجة البرنامج Program Degree | B1: الكليات الصحية Health Colleges | C1: الكليات العلمية Science Colleges | D1: الكليات الانسانية Humanities Colleges | E1: كلية الدراسات التطبيقية College of Applied Studies | F1: المخرج التعليمي لعمق المعرفة / Knowledge & Understanding output (K1) | G1: قيمة المخرج التعليمي / ( K1 ) Output value | H1: المخرج التعليمي لعمق المعرفة /Knowledge & Understanding output (K2) | I1: قيمة المخرج التعليمي / Output value ( K2 ) | J1: المخرج التعليمي لعمق المعرفة /Knowledge & Understanding output (K3) | K1: قيمة المخرج التعليمي / Output value ( K3 ) | L1: المخرج التعليمي لعمق المعرفة /Knowledge & Understanding output (K4) | M1: قيمة المخرج التعليمي / Output value ( K4 ) | N1: المخرج التعليمي للتفكير الناقد / Critical Thinking output (S1) | O1: قيمة المخرج التعليمي /Output value (S1) | P1: المخرج التعليمي للتفكير الناقد /Critical Thinking output (S2) | Q1: قيمة المخرج التعليمي / Output value (S2) | R1: المخرج التعليمي للتفكير الناقد /Critical Thinking output (S3) | S1: قيمة المخرج التعليمي / Output value (S3) | T1: المخرج التعليمي للتواصل الفعال / Effective communication output (S1) | U1: قيمة المخرج التعليمي / Output value (S1) | V1: المخرج التعليمي للتواصل الفعال/ Effective communication output (S2) | W1: قيمة المخرج التعليمي/Output value (S2) | X1: المخرج التعليمي للمهارات التقنية / Technical skills output (S1) | Y1: قيمة المخرج التعليمي / Output value (S1) | Z1: المخرج التعليمي للإبتكار و ريادة الأعمال /Innovation and Entrepreneurship output (S1) | AA1: قيمة المخرج التعليمي / Output value (S1) | AB1: المخرج التعليمي للبحث العلمي / Research output (S1) | AC1: قيمة المخرج التعليمي / Output value (S1) | AD1: المخرج التعليمي للقيادة والمسؤولية / Leadership and Responsibility output (V1) | AE1: قيمة المخرج التعليمي / Output value ( V1) | AF1: المخرج التعليمي للمبادرة والتكيف / Initiative and adaptation output (V1) | AG1: قيمة المخرج التعليمي / Output value ( v1 ) | AH1: المخرج التعليمي للنزاهةو أخلاقيات المهنة / Integrity and Professional ethics output (V1) | AI1: قيمة المخرج التعليمي/ Output value (V1 ) | AJ1: المخرج التعليمي للوسطية و الاعتزاز بالهوية الوطنية / Moderation and Pride in national identity output (V1) | AK1: قيمة المخرج التعليمي / Output value (V1) | AL1: المخرج التعليمي للتعلم مدى الحياة / Lifelong learning output (V1) | AM1: قيمة المخرج التعليمي للتعلم مدى الحياة / Output value (V1) | AN1: المخرج التعليمي للعمل التطوعي والمسؤولية المجتمعية / Volunteer work and social responsibility output (V1) | AO1: قيمة المخرج التعليمي / Output value ( V1 )
A2: بكالوريوس Bachelor's | B2: كلية الطب College of Medicine | C2: كلية الهندسة College of Engineering | D2: كلية الحقوق والعلوم السياسية College of Law and Political Sciences | F2: =ISTEXT(PLOs!#REF!) | G2: =ISNUMBER(PLOs!#REF!) | H2: =ISTEXT(PLOs!#REF!) | I2: =ISNUMBER(PLOs!#REF!) | J2: =ISTEXT(PLOs!#REF!) | K2: =ISNUMBER(PLOs!#REF!) | L2: =ISTEXT(PLOs!#REF!) | M2: =ISNUMBER(PLOs!#REF!) | N2: =ISTEXT(PLOs!#REF!) | O2: =ISNUMBER(PLOs!#REF!) | P2: =ISTEXT(PLOs!#REF!) | Q2: =ISNUMBER(PLOs!#REF!) | R2: =ISTEXT(PLOs!#REF!) | S2: =ISNUMBER(PLOs!#REF!) | T2: =ISTEXT(PLOs!#REF!) | U2: =ISNUMBER(PLOs!#REF!) | V2: =ISTEXT(PLOs!#REF!) | W2: =ISNUMBER(PLOs!#REF!) | X2: =ISTEXT(PLOs!#REF!) | Y2: =ISNUMBER(PLOs!#REF!) | Z2: =ISTEXT(PLOs!#REF!) | AA2: =ISNUMBER(PLOs!#REF!) | AB2: =ISTEXT(PLOs!#REF!) | AC2: =ISNUMBER(PLOs!#REF!) | AD2: =ISTEXT(PLOs!#REF!) | AE2: =ISNUMBER(PLOs!#REF!) | AF2: =ISTEXT(PLOs!#REF!) | AG2: =ISNUMBER(PLOs!#REF!) | AH2: =ISTEXT(PLOs!#REF!) | AI2: =ISNUMBER(PLOs!#REF!) | AJ2: =ISTEXT(PLOs!#REF!) | AK2: =ISNUMBER(PLOs!#REF!) | AL2: =ISTEXT(PLOs!#REF!) | AM2: =ISNUMBER(PLOs!#REF!) | AN2: =ISTEXT(PLOs!#REF!) | AO2: =ISNUMBER(PLOs!#REF!)
A3: دراسات عليا ( ماجستير ) Masters | B3: كلية الصيدلة College of Pharmacy | C3: كلية العلوم College of Science | D3: كلية اللغات والترجمة College of Languages and Translation | F3: =ISTEXT(PLOs!B3) | G3: =ISNUMBER(PLOs!C3) | H3: =ISTEXT(PLOs!D3) | I3: =ISNUMBER(PLOs!E3) | J3: =ISTEXT(PLOs!F3) | K3: =ISNUMBER(PLOs!G3) | L3: =ISTEXT(PLOs!H3) | M3: =ISNUMBER(PLOs!I3) | N3: =ISTEXT(PLOs!L3) | O3: =ISNUMBER(PLOs!M3) | P3: =ISTEXT(PLOs!N3) | Q3: =ISNUMBER(PLOs!O3) | R3: =ISTEXT(PLOs!P3) | S3: =ISNUMBER(PLOs!Q3) | T3: =ISTEXT(PLOs!R3) | U3: =ISNUMBER(PLOs!S3) | V3: =ISTEXT(PLOs!T3) | W3: =ISNUMBER(PLOs!U3) | X3: =ISTEXT(PLOs!V3) | Y3: =ISNUMBER(PLOs!W3) | Z3: =ISTEXT(PLOs!AB3) | AA3: =ISNUMBER(PLOs!AC3) | AB3: =ISTEXT(PLOs!AD3) | AC3: =ISNUMBER(PLOs!AE3) | AD3: =ISTEXT(PLOs!AF3) | AE3: =ISNUMBER(PLOs!AG3) | AF3: =ISTEXT(PLOs!AH3) | AG3: =ISNUMBER(PLOs!AI3) | AH3: =ISTEXT(PLOs!AJ3) | AI3: =ISNUMBER(PLOs!AK3) | AJ3: =ISTEXT(PLOs!AL3) | AK3: =ISNUMBER(PLOs!AM3) | AL3: =ISTEXT(PLOs!AN3) | AM3: =ISNUMBER(PLOs!AO3) | AN3: =ISTEXT(PLOs!AP3) | AO3: =ISNUMBER(PLOs!AQ3)
A4: دراسات عليا ( دكتوراه ) PhD | B4: كلية طب الأسنان College of Dentistry | C4: كلية علوم الأغذية والزراعة College of Food and Agricultural Sciences | D4: كلية العلوم الإنسانية والإجتماعية College of Humanities and Social Sciences | F4: =ISTEXT(PLOs!B4) | G4: =ISNUMBER(PLOs!C4) | H4: =ISTEXT(PLOs!D4) | I4: =ISNUMBER(PLOs!E4) | J4: =ISTEXT(PLOs!F4) | K4: =ISNUMBER(PLOs!G4) | L4: =ISTEXT(PLOs!H4) | M4: =ISNUMBER(PLOs!I4) | N4: =ISTEXT(PLOs!L4) | O4: =ISNUMBER(PLOs!M4) | P4: =ISTEXT(PLOs!N4) | Q4: =ISNUMBER(PLOs!O4) | R4: =ISTEXT(PLOs!P4) | S4: =ISNUMBER(PLOs!Q4) | T4: =ISTEXT(PLOs!R4) | U4: =ISNUMBER(PLOs!S4) | V4: =ISTEXT(PLOs!T4) | W4: =ISNUMBER(PLOs!U4) | X4: =ISTEXT(PLOs!V4) | Y4: =ISNUMBER(PLOs!W4) | Z4: =ISTEXT(PLOs!AB4) | AA4: =ISNUMBER(PLOs!AC4) | AB4: =ISTEXT(PLOs!AD4) | AC4: =ISNUMBER(PLOs!AE4) | AD4: =ISTEXT(PLOs!AF4) | AE4: =ISNUMBER(PLOs!AG4) | AF4: =ISTEXT(PLOs!AH4) | AG4: =ISNUMBER(PLOs!AI4) | AH4: =ISTEXT(PLOs!AJ4) | AI4: =ISNUMBER(PLOs!AK4) | AJ4: =ISTEXT(PLOs!AL4) | AK4: =ISNUMBER(PLOs!AM4) | AL4: =ISTEXT(PLOs!AN4) | AM4: =ISNUMBER(PLOs!AO4) | AN4: =ISTEXT(PLOs!AP4) | AO4: =ISNUMBER(PLOs!AQ4)
A5: دبلوم Diploma | B5: كلية العلوم الطبية التطبيقية College of Applied Medical Sciences | C5: كلية علوم الحاسب والمعلومات College of Computer and Information Sciences | D5: كلية علوم الرياضة والنشاط البدني College of Sport Sciences and Physical Activity | F5: =ISTEXT(PLOs!B8) | G5: =ISNUMBER(PLOs!C8) | H5: =ISTEXT(PLOs!D8) | I5: =ISNUMBER(PLOs!E8) | J5: =ISTEXT(PLOs!F8) | K5: =ISNUMBER(PLOs!G8) | L5: =ISTEXT(PLOs!H8) | M5: =ISNUMBER(PLOs!I8) | N5: =ISTEXT(PLOs!L8) | O5: =ISNUMBER(PLOs!M8) | P5: =ISTEXT(PLOs!N8) | Q5: =ISNUMBER(PLOs!O8) | R5: =ISTEXT(PLOs!P8) | S5: =ISNUMBER(PLOs!Q8) | T5: =ISTEXT(PLOs!R8) | U5: =ISNUMBER(PLOs!S8) | V5: =ISTEXT(PLOs!T8) | W5: =ISNUMBER(PLOs!U8) | X5: =ISTEXT(PLOs!V8) | Y5: =ISNUMBER(PLOs!W8) | Z5: =ISTEXT(PLOs!AB8) | AA5: =ISNUMBER(PLOs!AC8) | AB5: =ISTEXT(PLOs!AD8) | AC5: =ISNUMBER(PLOs!AE8) | AD5: =ISTEXT(PLOs!AF8) | AE5: =ISNUMBER(PLOs!AG8) | AF5: =ISTEXT(PLOs!AH8) | AG5: =ISNUMBER(PLOs!AI8) | AH5: =ISTEXT(PLOs!AJ8) | AI5: =ISNUMBER(PLOs!AK8) | AJ5: =ISTEXT(PLOs!AL8) | AK5: =ISNUMBER(PLOs!AM8) | AL5: =ISTEXT(PLOs!AN8) | AM5: =ISNUMBER(PLOs!AO8) | AN5: =ISTEXT(PLOs!AP8) | AO5: =ISNUMBER(PLOs!AQ8)
B6: كلية التمريض College of Nursing | C6: كلية العمارة والتخطيط College of Architecture and Planning | D6: كلية التربية College of Education | F6: =ISTEXT(PLOs!B9) | G6: =ISNUMBER(PLOs!C9) | H6: =ISTEXT(PLOs!D9) | I6: =ISNUMBER(PLOs!E9) | J6: =ISTEXT(PLOs!F9) | K6: =ISNUMBER(PLOs!G9) | L6: =ISTEXT(PLOs!H9) | M6: =ISNUMBER(PLOs!I9) | N6: =ISTEXT(PLOs!L9) | O6: =ISNUMBER(PLOs!M9) | P6: =ISTEXT(PLOs!N9) | Q6: =ISNUMBER(PLOs!O9) | R6: =ISTEXT(PLOs!P9) | S6: =ISNUMBER(PLOs!Q9) | T6: =ISTEXT(PLOs!R9) | U6: =ISNUMBER(PLOs!S9) | V6: =ISTEXT(PLOs!T9) | W6: =ISNUMBER(PLOs!U9) | X6: =ISTEXT(PLOs!V9) | Y6: =ISNUMBER(PLOs!W9) | Z6: =ISTEXT(PLOs!AB9) | AA6: =ISNUMBER(PLOs!AC9) | AB6: =ISTEXT(PLOs!AD9) | AC6: =ISNUMBER(PLOs!AE9) | AD6: =ISTEXT(PLOs!AF9) | AE6: =ISNUMBER(PLOs!AG9) | AF6: =ISTEXT(PLOs!AH9) | AG6: =ISNUMBER(PLOs!AI9) | AH6: =ISTEXT(PLOs!AJ9) | AI6: =ISNUMBER(PLOs!AK9) | AJ6: =ISTEXT(PLOs!AL9) | AK6: =ISNUMBER(PLOs!AM9) | AL6: =ISTEXT(PLOs!AN9) | AM6: =ISNUMBER(PLOs!AO9) | AN6: =ISTEXT(PLOs!AP9) | AO6: =ISNUMBER(PLOs!AQ9)
B7: كلية الأمير سلطان بن عبدالعزيز للخدمات الطبية الطارئة Prince Sultan Bin Abdulaziz College for Emergency Medical Services | C7: كلية إدارة الأعمال College of Business Administration | D7: كلية السياحة والآثار College of Tourism and Archeology | F7: =ISTEXT(PLOs!#REF!) | G7: =ISNUMBER(PLOs!#REF!) | H7: =ISTEXT(PLOs!#REF!) | I7: =ISNUMBER(PLOs!#REF!) | J7: =ISTEXT(PLOs!#REF!) | K7: =ISNUMBER(PLOs!#REF!) | L7: =ISTEXT(PLOs!#REF!) | M7: =ISNUMBER(PLOs!#REF!) | N7: =ISTEXT(PLOs!#REF!) | O7: =ISNUMBER(PLOs!#REF!) | P7: =ISTEXT(PLOs!#REF!) | Q7: =ISNUMBER(PLOs!#REF!) | R7: =ISTEXT(PLOs!#REF!) | S7: =ISNUMBER(PLOs!#REF!) | T7: =ISTEXT(PLOs!#REF!) | U7: =ISNUMBER(PLOs!#REF!) | V7: =ISTEXT(PLOs!#REF!) | W7: =ISNUMBER(PLOs!#REF!) | X7: =ISTEXT(PLOs!#REF!) | Y7: =ISNUMBER(PLOs!#REF!) | Z7: =ISTEXT(PLOs!#REF!) | AA7: =ISNUMBER(PLOs!#REF!) | AB7: =ISTEXT(PLOs!#REF!) | AC7: =ISNUMBER(PLOs!#REF!) | AD7: =ISTEXT(PLOs!#REF!) | AE7: =ISNUMBER(PLOs!#REF!) | AF7: =ISTEXT(PLOs!#REF!) | AG7: =ISNUMBER(PLOs!#REF!) | AH7: =ISTEXT(PLOs!#REF!) | AI7: =ISNUMBER(PLOs!#REF!) | AJ7: =ISTEXT(PLOs!#REF!) | AK7: =ISNUMBER(PLOs!#REF!) | AL7: =ISTEXT(PLOs!#REF!) | AM7: =ISNUMBER(PLOs!#REF!) | AN7: =ISTEXT(PLOs!#REF!) | AO7: =ISNUMBER(PLOs!#REF!)
C8: كليات المزاحمية Colleges of Muzahimya Branch | D8: كلية الفنون College of Art | F8: =ISTEXT(PLOs!#REF!) | G8: =ISNUMBER(PLOs!#REF!) | H8: =ISTEXT(PLOs!#REF!) | I8: =ISNUMBER(PLOs!#REF!) | J8: =ISTEXT(PLOs!#REF!) | K8: =ISNUMBER(PLOs!#REF!) | L8: =ISTEXT(PLOs!#REF!) | M8: =ISNUMBER(PLOs!#REF!) | N8: =ISTEXT(PLOs!#REF!) | O8: =ISNUMBER(PLOs!#REF!) | P8: =ISTEXT(PLOs!#REF!) | Q8: =ISNUMBER(PLOs!#REF!) | R8: =ISTEXT(PLOs!#REF!) | S8: =ISNUMBER(PLOs!#REF!) | T8: =ISTEXT(PLOs!#REF!) | U8: =ISNUMBER(PLOs!#REF!) | V8: =ISTEXT(PLOs!#REF!) | W8: =ISNUMBER(PLOs!#REF!) | X8: =ISTEXT(PLOs!#REF!) | Y8: =ISNUMBER(PLOs!#REF!) | Z8: =ISTEXT(PLOs!#REF!) | AA8: =ISNUMBER(PLOs!#REF!) | AB8: =ISTEXT(PLOs!#REF!) | AC8: =ISNUMBER(PLOs!#REF!) | AD8: =ISTEXT(PLOs!#REF!) | AE8: =ISNUMBER(PLOs!#REF!) | AF8: =ISTEXT(PLOs!#REF!) | AG8: =ISNUMBER(PLOs!#REF!) | AH8: =ISTEXT(PLOs!#REF!) | AI8: =ISNUMBER(PLOs!#REF!) | AJ8: =ISTEXT(PLOs!#REF!) | AK8: =ISNUMBER(PLOs!#REF!) | AL8: =ISTEXT(PLOs!#REF!) | AM8: =ISNUMBER(PLOs!#REF!) | AN8: =ISTEXT(PLOs!#REF!) | AO8: =ISNUMBER(PLOs!#REF!)
F9: =ISTEXT(PLOs!#REF!) | G9: =ISNUMBER(PLOs!#REF!) | H9: =ISTEXT(PLOs!#REF!) | I9: =ISNUMBER(PLOs!#REF!) | J9: =ISTEXT(PLOs!#REF!) | K9: =ISNUMBER(PLOs!#REF!) | L9: =ISTEXT(PLOs!#REF!) | M9: =ISNUMBER(PLOs!#REF!) | N9: =ISTEXT(PLOs!#REF!) | O9: =ISNUMBER(PLOs!#REF!) | P9: =ISTEXT(PLOs!#REF!) | Q9: =ISNUMBER(PLOs!#REF!) | R9: =ISTEXT(PLOs!#REF!) | S9: =ISNUMBER(PLOs!#REF!) | T9: =ISTEXT(PLOs!#REF!) | U9: =ISNUMBER(PLOs!#REF!) | V9: =ISTEXT(PLOs!#REF!) | W9: =ISNUMBER(PLOs!#REF!) | X9: =ISTEXT(PLOs!#REF!) | Y9: =ISNUMBER(PLOs!#REF!) | Z9: =ISTEXT(PLOs!#REF!) | AA9: =ISNUMBER(PLOs!#REF!) | AB9: =ISTEXT(PLOs!#REF!) | AC9: =ISNUMBER(PLOs!#REF!) | AD9: =ISTEXT(PLOs!#REF!) | AE9: =ISNUMBER(PLOs!#REF!) | AF9: =ISTEXT(PLOs!#REF!) | AG9: =ISNUMBER(PLOs!#REF!) | AH9: =ISTEXT(PLOs!#REF!) | AI9: =ISNUMBER(PLOs!#REF!) | AJ9: =ISTEXT(PLOs!#REF!) | AK9: =ISNUMBER(PLOs!#REF!) | AL9: =ISTEXT(PLOs!#REF!) | AM9: =ISNUMBER(PLOs!#REF!) | AN9: =ISTEXT(PLOs!#REF!) | AO9: =ISNUMBER(PLOs!#REF!)
F10: =ISTEXT(PLOs!B10) | G10: =ISNUMBER(PLOs!C10) | H10: =ISTEXT(PLOs!D10) | I10: =ISNUMBER(PLOs!E10) | J10: =ISTEXT(PLOs!F10) | K10: =ISNUMBER(PLOs!G10) | L10: =ISTEXT(PLOs!H10) | M10: =ISNUMBER(PLOs!I10) | N10: =ISTEXT(PLOs!L10) | O10: =ISNUMBER(PLOs!M10) | P10: =ISTEXT(PLOs!N10) | Q10: =ISNUMBER(PLOs!O10) | R10: =ISTEXT(PLOs!P10) | S10: =ISNUMBER(PLOs!Q10) | T10: =ISTEXT(PLOs!R10) | U10: =ISNUMBER(PLOs!S10) | V10: =ISTEXT(PLOs!T10) | W10: =ISNUMBER(PLOs!U10) | X10: =ISTEXT(PLOs!V10) | Y10: =ISNUMBER(PLOs!W10) | Z10: =ISTEXT(PLOs!AB10) | AA10: =ISNUMBER(PLOs!AC10) | AB10: =ISTEXT(PLOs!AD10) | AC10: =ISNUMBER(PLOs!AE10) | AD10: =ISTEXT(PLOs!AF10) | AE10: =ISNUMBER(PLOs!AG10) | AF10: =ISTEXT(PLOs!AH10) | AG10: =ISNUMBER(PLOs!AI10) | AH10: =ISTEXT(PLOs!AJ10) | AI10: =ISNUMBER(PLOs!AK10) | AJ10: =ISTEXT(PLOs!AL10) | AK10: =ISNUMBER(PLOs!AM10) | AL10: =ISTEXT(PLOs!AN10) | AM10: =ISNUMBER(PLOs!AO10) | AN10: =ISTEXT(PLOs!AP10) | AO10: =ISNUMBER(PLOs!AQ10)
F11: =ISTEXT(PLOs!E11) | G11: =ISNUMBER(PLOs!F11) | H11: =ISTEXT(PLOs!G11) | I11: =ISNUMBER(PLOs!H11) | J11: =ISTEXT(PLOs!I11) | K11: =ISNUMBER(PLOs!J11) | L11: =ISTEXT(PLOs!K11) | M11: =ISNUMBER(PLOs!L11) | N11: =ISTEXT(PLOs!O11) | O11: =ISNUMBER(PLOs!P11) | P11: =ISTEXT(PLOs!Q11) | Q11: =ISNUMBER(PLOs!R11) | R11: =ISTEXT(PLOs!S11) | S11: =ISNUMBER(PLOs!T11) | T11: =ISTEXT(PLOs!U11) | U11: =ISNUMBER(PLOs!V11) | V11: =ISTEXT(PLOs!W11) | W11: =ISNUMBER(PLOs!X11) | X11: =ISTEXT(PLOs!Y11) | Y11: =ISNUMBER(PLOs!Z11) | Z11: =ISTEXT(PLOs!AE11) | AA11: =ISNUMBER(PLOs!AF11) | AB11: =ISTEXT(PLOs!AG11) | AC11: =ISNUMBER(PLOs!AH11) | AD11: =ISTEXT(PLOs!AI11) | AE11: =ISNUMBER(PLOs!AJ11) | AF11: =ISTEXT(PLOs!AK11) | AG11: =ISNUMBER(PLOs!AL11) | AH11: =ISTEXT(PLOs!AM11) | AI11: =ISNUMBER(PLOs!AN11) | AJ11: =ISTEXT(PLOs!AO11) | AK11: =ISNUMBER(PLOs!AP11) | AL11: =ISTEXT(PLOs!AQ11) | AM11: =ISNUMBER(PLOs!AR11) | AN11: =ISTEXT(PLOs!AS11) | AO11: =ISNUMBER(PLOs!AT11)
F12: =ISTEXT(PLOs!F13) | G12: =ISNUMBER(PLOs!G13) | H12: =ISTEXT(PLOs!H13) | I12: =ISNUMBER(PLOs!I13) | J12: =ISTEXT(PLOs!J13) | K12: =ISNUMBER(PLOs!K13) | L12: =ISTEXT(PLOs!L13) | M12: =ISNUMBER(PLOs!M13) | N12: =ISTEXT(PLOs!P13) | O12: =ISNUMBER(PLOs!Q13) | P12: =ISTEXT(PLOs!R13) | Q12: =ISNUMBER(PLOs!S13) | R12: =ISTEXT(PLOs!T13) | S12: =ISNUMBER(PLOs!U13) | T12: =ISTEXT(PLOs!V13) | U12: =ISNUMBER(PLOs!W13) | V12: =ISTEXT(PLOs!X13) | W12: =ISNUMBER(PLOs!Y13) | X12: =ISTEXT(PLOs!Z13) | Y12: =ISNUMBER(PLOs!AA13) | Z12: =ISTEXT(PLOs!AF13) | AA12: =ISNUMBER(PLOs!AG13) | AB12: =ISTEXT(PLOs!AH13) | AC12: =ISNUMBER(PLOs!AI13) | AD12: =ISTEXT(PLOs!AJ13) | AE12: =ISNUMBER(PLOs!AK13) | AF12: =ISTEXT(PLOs!AL13) | AG12: =ISNUMBER(PLOs!AM13) | AH12: =ISTEXT(PLOs!AN13) | AI12: =ISNUMBER(PLOs!AO13) | AJ12: =ISTEXT(PLOs!AP13) | AK12: =ISNUMBER(PLOs!AQ13) | AL12: =ISTEXT(PLOs!AR13) | AM12: =ISNUMBER(PLOs!AS13) | AN12: =ISTEXT(PLOs!AT13) | AO12: =ISNUMBER(PLOs!AU13)
F13: =ISTEXT(PLOs!F14) | G13: =ISNUMBER(PLOs!G14) | H13: =ISTEXT(PLOs!H14) | I13: =ISNUMBER(PLOs!I14) | J13: =ISTEXT(PLOs!J14) | K13: =ISNUMBER(PLOs!K14) | L13: =ISTEXT(PLOs!L14) | M13: =ISNUMBER(PLOs!M14) | N13: =ISTEXT(PLOs!P14) | O13: =ISNUMBER(PLOs!Q14) | P13: =ISTEXT(PLOs!R14) | Q13: =ISNUMBER(PLOs!S14) | R13: =ISTEXT(PLOs!T14) | S13: =ISNUMBER(PLOs!U14) | T13: =ISTEXT(PLOs!V14) | U13: =ISNUMBER(PLOs!W14) | V13: =ISTEXT(PLOs!X14) | W13: =ISNUMBER(PLOs!Y14) | X13: =ISTEXT(PLOs!Z14) | Y13: =ISNUMBER(PLOs!AA14) | Z13: =ISTEXT(PLOs!AF14) | AA13: =ISNUMBER(PLOs!AG14) | AB13: =ISTEXT(PLOs!AH14) | AC13: =ISNUMBER(PLOs!AI14) | AD13: =ISTEXT(PLOs!AJ14) | AE13: =ISNUMBER(PLOs!AK14) | AF13: =ISTEXT(PLOs!AL14) | AG13: =ISNUMBER(PLOs!AM14) | AH13: =ISTEXT(PLOs!AN14) | AI13: =ISNUMBER(PLOs!AO14) | AJ13: =ISTEXT(PLOs!AP14) | AK13: =ISNUMBER(PLOs!AQ14) | AL13: =ISTEXT(PLOs!AR14) | AM13: =ISNUMBER(PLOs!AS14) | AN13: =ISTEXT(PLOs!AT14) | AO13: =ISNUMBER(PLOs!AU14)
F14: =ISTEXT(PLOs!F15) | G14: =ISNUMBER(PLOs!G15) | H14: =ISTEXT(PLOs!H15) | I14: =ISNUMBER(PLOs!I15) | J14: =ISTEXT(PLOs!J15) | K14: =ISNUMBER(PLOs!K15) | L14: =ISTEXT(PLOs!L15) | M14: =ISNUMBER(PLOs!M15) | N14: =ISTEXT(PLOs!P15) | O14: =ISNUMBER(PLOs!Q15) | P14: =ISTEXT(PLOs!R15) | Q14: =ISNUMBER(PLOs!S15) | R14: =ISTEXT(PLOs!T15) | S14: =ISNUMBER(PLOs!U15) | T14: =ISTEXT(PLOs!V15) | U14: =ISNUMBER(PLOs!W15) | V14: =ISTEXT(PLOs!X15) | W14: =ISNUMBER(PLOs!Y15) | X14: =ISTEXT(PLOs!Z15) | Y14: =ISNUMBER(PLOs!AA15) | Z14: =ISTEXT(PLOs!AF15) | AA14: =ISNUMBER(PLOs!AG15) | AB14: =ISTEXT(PLOs!AH15) | AC14: =ISNUMBER(PLOs!AI15) | AD14: =ISTEXT(PLOs!AJ15) | AE14: =ISNUMBER(PLOs!AK15) | AF14: =ISTEXT(PLOs!AL15) | AG14: =ISNUMBER(PLOs!AM15) | AH14: =ISTEXT(PLOs!AN15) | AI14: =ISNUMBER(PLOs!AO15) | AJ14: =ISTEXT(PLOs!AP15) | AK14: =ISNUMBER(PLOs!AQ15) | AL14: =ISTEXT(PLOs!AR15) | AM14: =ISNUMBER(PLOs!AS15) | AN14: =ISTEXT(PLOs!AT15) | AO14: =ISNUMBER(PLOs!AU15)
F15: =ISTEXT(PLOs!F16) | G15: =ISNUMBER(PLOs!G16) | H15: =ISTEXT(PLOs!H16) | I15: =ISNUMBER(PLOs!I16) | J15: =ISTEXT(PLOs!J16) | K15: =ISNUMBER(PLOs!K16) | L15: =ISTEXT(PLOs!L16) | M15: =ISNUMBER(PLOs!M16) | N15: =ISTEXT(PLOs!P16) | O15: =ISNUMBER(PLOs!Q16) | P15: =ISTEXT(PLOs!R16) | Q15: =ISNUMBER(PLOs!S16) | R15: =ISTEXT(PLOs!T16) | S15: =ISNUMBER(PLOs!U16) | T15: =ISTEXT(PLOs!V16) | U15: =ISNUMBER(PLOs!W16) | V15: =ISTEXT(PLOs!X16) | W15: =ISNUMBER(PLOs!Y16) | X15: =ISTEXT(PLOs!Z16) | Y15: =ISNUMBER(PLOs!AA16) | Z15: =ISTEXT(PLOs!AF16) | AA15: =ISNUMBER(PLOs!AG16) | AB15: =ISTEXT(PLOs!AH16) | AC15: =ISNUMBER(PLOs!AI16) | AD15: =ISTEXT(PLOs!AJ16) | AE15: =ISNUMBER(PLOs!AK16) | AF15: =ISTEXT(PLOs!AL16) | AG15: =ISNUMBER(PLOs!AM16) | AH15: =ISTEXT(PLOs!AN16) | AI15: =ISNUMBER(PLOs!AO16) | AJ15: =ISTEXT(PLOs!AP16) | AK15: =ISNUMBER(PLOs!AQ16) | AL15: =ISTEXT(PLOs!AR16) | AM15: =ISNUMBER(PLOs!AS16) | AN15: =ISTEXT(PLOs!AT16) | AO15: =ISNUMBER(PLOs!AU16)
F16: =ISTEXT(PLOs!F17) | G16: =ISNUMBER(PLOs!G17) | H16: =ISTEXT(PLOs!H17) | I16: =ISNUMBER(PLOs!I17) | J16: =ISTEXT(PLOs!J17) | K16: =ISNUMBER(PLOs!K17) | L16: =ISTEXT(PLOs!L17) | M16: =ISNUMBER(PLOs!M17) | N16: =ISTEXT(PLOs!P17) | O16: =ISNUMBER(PLOs!Q17) | P16: =ISTEXT(PLOs!R17) | Q16: =ISNUMBER(PLOs!S17) | R16: =ISTEXT(PLOs!T17) | S16: =ISNUMBER(PLOs!U17) | T16: =ISTEXT(PLOs!V17) | U16: =ISNUMBER(PLOs!W17) | V16: =ISTEXT(PLOs!X17) | W16: =ISNUMBER(PLOs!Y17) | X16: =ISTEXT(PLOs!Z17) | Y16: =ISNUMBER(PLOs!AA17) | Z16: =ISTEXT(PLOs!AF17) | AA16: =ISNUMBER(PLOs!AG17) | AB16: =ISTEXT(PLOs!AH17) | AC16: =ISNUMBER(PLOs!AI17) | AD16: =ISTEXT(PLOs!AJ17) | AE16: =ISNUMBER(PLOs!AK17) | AF16: =ISTEXT(PLOs!AL17) | AG16: =ISNUMBER(PLOs!AM17) | AH16: =ISTEXT(PLOs!AN17) | AI16: =ISNUMBER(PLOs!AO17) | AJ16: =ISTEXT(PLOs!AP17) | AK16: =ISNUMBER(PLOs!AQ17) | AL16: =ISTEXT(PLOs!AR17) | AM16: =ISNUMBER(PLOs!AS17) | AN16: =ISTEXT(PLOs!AT17) | AO16: =ISNUMBER(PLOs!AU17)
F17: =ISTEXT(PLOs!F18) | G17: =ISNUMBER(PLOs!G18) | H17: =ISTEXT(PLOs!H18) | I17: =ISNUMBER(PLOs!I18) | J17: =ISTEXT(PLOs!J18) | K17: =ISNUMBER(PLOs!K18) | L17: =ISTEXT(PLOs!L18) | M17: =ISNUMBER(PLOs!M18) | N17: =ISTEXT(PLOs!P18) | O17: =ISNUMBER(PLOs!Q18) | P17: =ISTEXT(PLOs!R18) | Q17: =ISNUMBER(PLOs!S18) | R17: =ISTEXT(PLOs!T18) | S17: =ISNUMBER(PLOs!U18) | T17: =ISTEXT(PLOs!V18) | U17: =ISNUMBER(PLOs!W18) | V17: =ISTEXT(PLOs!X18) | W17: =ISNUMBER(PLOs!Y18) | X17: =ISTEXT(PLOs!Z18) | Y17: =ISNUMBER(PLOs!AA18) | Z17: =ISTEXT(PLOs!AF18) | AA17: =ISNUMBER(PLOs!AG18) | AB17: =ISTEXT(PLOs!AH18) | AC17: =ISNUMBER(PLOs!AI18) | AD17: =ISTEXT(PLOs!AJ18) | AE17: =ISNUMBER(PLOs!AK18) | AF17: =ISTEXT(PLOs!AL18) | AG17: =ISNUMBER(PLOs!AM18) | AH17: =ISTEXT(PLOs!AN18) | AI17: =ISNUMBER(PLOs!AO18) | AJ17: =ISTEXT(PLOs!AP18) | AK17: =ISNUMBER(PLOs!AQ18) | AL17: =ISTEXT(PLOs!AR18) | AM17: =ISNUMBER(PLOs!AS18) | AN17: =ISTEXT(PLOs!AT18) | AO17: =ISNUMBER(PLOs!AU18)
F18: =ISTEXT(PLOs!F19) | G18: =ISNUMBER(PLOs!G19) | H18: =ISTEXT(PLOs!H19) | I18: =ISNUMBER(PLOs!I19) | J18: =ISTEXT(PLOs!J19) | K18: =ISNUMBER(PLOs!K19) | L18: =ISTEXT(PLOs!L19) | M18: =ISNUMBER(PLOs!M19) | N18: =ISTEXT(PLOs!P19) | O18: =ISNUMBER(PLOs!Q19) | P18: =ISTEXT(PLOs!R19) | Q18: =ISNUMBER(PLOs!S19) | R18: =ISTEXT(PLOs!T19) | S18: =ISNUMBER(PLOs!U19) | T18: =ISTEXT(PLOs!V19) | U18: =ISNUMBER(PLOs!W19) | V18: =ISTEXT(PLOs!X19) | W18: =ISNUMBER(PLOs!Y19) | X18: =ISTEXT(PLOs!Z19) | Y18: =ISNUMBER(PLOs!AA19) | Z18: =ISTEXT(PLOs!AF19) | AA18: =ISNUMBER(PLOs!AG19) | AB18: =ISTEXT(PLOs!AH19) | AC18: =ISNUMBER(PLOs!AI19) | AD18: =ISTEXT(PLOs!AJ19) | AE18: =ISNUMBER(PLOs!AK19) | AF18: =ISTEXT(PLOs!AL19) | AG18: =ISNUMBER(PLOs!AM19) | AH18: =ISTEXT(PLOs!AN19) | AI18: =ISNUMBER(PLOs!AO19) | AJ18: =ISTEXT(PLOs!AP19) | AK18: =ISNUMBER(PLOs!AQ19) | AL18: =ISTEXT(PLOs!AR19) | AM18: =ISNUMBER(PLOs!AS19) | AN18: =ISTEXT(PLOs!AT19) | AO18: =ISNUMBER(PLOs!AU19)
F19: =ISTEXT(PLOs!F20) | G19: =ISNUMBER(PLOs!G20) | H19: =ISTEXT(PLOs!H20) | I19: =ISNUMBER(PLOs!I20) | J19: =ISTEXT(PLOs!J20) | K19: =ISNUMBER(PLOs!K20) | L19: =ISTEXT(PLOs!L20) | M19: =ISNUMBER(PLOs!M20) | N19: =ISTEXT(PLOs!P20) | O19: =ISNUMBER(PLOs!Q20) | P19: =ISTEXT(PLOs!R20) | Q19: =ISNUMBER(PLOs!S20) | R19: =ISTEXT(PLOs!T20) | S19: =ISNUMBER(PLOs!U20) | T19: =ISTEXT(PLOs!V20) | U19: =ISNUMBER(PLOs!W20) | V19: =ISTEXT(PLOs!X20) | W19: =ISNUMBER(PLOs!Y20) | X19: =ISTEXT(PLOs!Z20) | Y19: =ISNUMBER(PLOs!AA20) | Z19: =ISTEXT(PLOs!AF20) | AA19: =ISNUMBER(PLOs!AG20) | AB19: =ISTEXT(PLOs!AH20) | AC19: =ISNUMBER(PLOs!AI20) | AD19: =ISTEXT(PLOs!AJ20) | AE19: =ISNUMBER(PLOs!AK20) | AF19: =ISTEXT(PLOs!AL20) | AG19: =ISNUMBER(PLOs!AM20) | AH19: =ISTEXT(PLOs!AN20) | AI19: =ISNUMBER(PLOs!AO20) | AJ19: =ISTEXT(PLOs!AP20) | AK19: =ISNUMBER(PLOs!AQ20) | AL19: =ISTEXT(PLOs!AR20) | AM19: =ISNUMBER(PLOs!AS20) | AN19: =ISTEXT(PLOs!AT20) | AO19: =ISNUMBER(PLOs!AU20)
F20: =ISTEXT(PLOs!F22) | G20: =ISNUMBER(PLOs!G22) | H20: =ISTEXT(PLOs!H22) | I20: =ISNUMBER(PLOs!I22) | J20: =ISTEXT(PLOs!J22) | K20: =ISNUMBER(PLOs!K22) | L20: =ISTEXT(PLOs!L22) | M20: =ISNUMBER(PLOs!M22) | N20: =ISTEXT(PLOs!P22) | O20: =ISNUMBER(PLOs!Q22) | P20: =ISTEXT(PLOs!R22) | Q20: =ISNUMBER(PLOs!S22) | R20: =ISTEXT(PLOs!T22) | S20: =ISNUMBER(PLOs!U22) | T20: =ISTEXT(PLOs!V22) | U20: =ISNUMBER(PLOs!W22) | V20: =ISTEXT(PLOs!X22) | W20: =ISNUMBER(PLOs!Y22) | X20: =ISTEXT(PLOs!Z22) | Y20: =ISNUMBER(PLOs!AA22) | Z20: =ISTEXT(PLOs!AF22) | AA20: =ISNUMBER(PLOs!AG22) | AB20: =ISTEXT(PLOs!AH22) | AC20: =ISNUMBER(PLOs!AI22) | AD20: =ISTEXT(PLOs!AJ22) | AE20: =ISNUMBER(PLOs!AK22) | AF20: =ISTEXT(PLOs!AL22) | AG20: =ISNUMBER(PLOs!AM22) | AH20: =ISTEXT(PLOs!AN22) | AI20: =ISNUMBER(PLOs!AO22) | AJ20: =ISTEXT(PLOs!AP22) | AK20: =ISNUMBER(PLOs!AQ22) | AL20: =ISTEXT(PLOs!AR22) | AM20: =ISNUMBER(PLOs!AS22) | AN20: =ISTEXT(PLOs!AT22) | AO20: =ISNUMBER(PLOs!AU22)
F21: =ISTEXT(PLOs!F23) | G21: =ISNUMBER(PLOs!G23) | H21: =ISTEXT(PLOs!H23) | I21: =ISNUMBER(PLOs!I23) | J21: =ISTEXT(PLOs!J23) | K21: =ISNUMBER(PLOs!K23) | L21: =ISTEXT(PLOs!L23) | M21: =ISNUMBER(PLOs!M23) | N21: =ISTEXT(PLOs!P23) | O21: =ISNUMBER(PLOs!Q23) | P21: =ISTEXT(PLOs!R23) | Q21: =ISNUMBER(PLOs!S23) | R21: =ISTEXT(PLOs!T23) | S21: =ISNUMBER(PLOs!U23) | T21: =ISTEXT(PLOs!V23) | U21: =ISNUMBER(PLOs!W23) | V21: =ISTEXT(PLOs!X23) | W21: =ISNUMBER(PLOs!Y23) | X21: =ISTEXT(PLOs!Z23) | Y21: =ISNUMBER(PLOs!AA23) | Z21: =ISTEXT(PLOs!AF23) | AA21: =ISNUMBER(PLOs!AG23) | AB21: =ISTEXT(PLOs!AH23) | AC21: =ISNUMBER(PLOs!AI23) | AD21: =ISTEXT(PLOs!AJ23) | AE21: =ISNUMBER(PLOs!AK23) | AF21: =ISTEXT(PLOs!AL23) | AG21: =ISNUMBER(PLOs!AM23) | AH21: =ISTEXT(PLOs!AN23) | AI21: =ISNUMBER(PLOs!AO23) | AJ21: =ISTEXT(PLOs!AP23) | AK21: =ISNUMBER(PLOs!AQ23) | AL21: =ISTEXT(PLOs!AR23) | AM21: =ISNUMBER(PLOs!AS23) | AN21: =ISTEXT(PLOs!AT23) | AO21: =ISNUMBER(PLOs!AU23)
F22: =ISTEXT(PLOs!F24) | G22: =ISNUMBER(PLOs!G24) | H22: =ISTEXT(PLOs!H24) | I22: =ISNUMBER(PLOs!I24) | J22: =ISTEXT(PLOs!J24) | K22: =ISNUMBER(PLOs!K24) | L22: =ISTEXT(PLOs!L24) | M22: =ISNUMBER(PLOs!M24) | N22: =ISTEXT(PLOs!P24) | O22: =ISNUMBER(PLOs!Q24) | P22: =ISTEXT(PLOs!R24) | Q22: =ISNUMBER(PLOs!S24) | R22: =ISTEXT(PLOs!T24) | S22: =ISNUMBER(PLOs!U24) | T22: =ISTEXT(PLOs!V24) | U22: =ISNUMBER(PLOs!W24) | V22: =ISTEXT(PLOs!X24) | W22: =ISNUMBER(PLOs!Y24) | X22: =ISTEXT(PLOs!Z24) | Y22: =ISNUMBER(PLOs!AA24) | Z22: =ISTEXT(PLOs!AF24) | AA22: =ISNUMBER(PLOs!AG24) | AB22: =ISTEXT(PLOs!AH24) | AC22: =ISNUMBER(PLOs!AI24) | AD22: =ISTEXT(PLOs!AJ24) | AE22: =ISNUMBER(PLOs!AK24) | AF22: =ISTEXT(PLOs!AL24) | AG22: =ISNUMBER(PLOs!AM24) | AH22: =ISTEXT(PLOs!AN24) | AI22: =ISNUMBER(PLOs!AO24) | AJ22: =ISTEXT(PLOs!AP24) | AK22: =ISNUMBER(PLOs!AQ24) | AL22: =ISTEXT(PLOs!AR24) | AM22: =ISNUMBER(PLOs!AS24) | AN22: =ISTEXT(PLOs!AT24) | AO22: =ISNUMBER(PLOs!AU24)
F23: =ISTEXT(PLOs!F25) | G23: =ISNUMBER(PLOs!G25) | H23: =ISTEXT(PLOs!H25) | I23: =ISNUMBER(PLOs!I25) | J23: =ISTEXT(PLOs!J25) | K23: =ISNUMBER(PLOs!K25) | L23: =ISTEXT(PLOs!L25) | M23: =ISNUMBER(PLOs!M25) | N23: =ISTEXT(PLOs!P25) | O23: =ISNUMBER(PLOs!Q25) | P23: =ISTEXT(PLOs!R25) | Q23: =ISNUMBER(PLOs!S25) | R23: =ISTEXT(PLOs!T25) | S23: =ISNUMBER(PLOs!U25) | T23: =ISTEXT(PLOs!V25) | U23: =ISNUMBER(PLOs!W25) | V23: =ISTEXT(PLOs!X25) | W23: =ISNUMBER(PLOs!Y25) | X23: =ISTEXT(PLOs!Z25) | Y23: =ISNUMBER(PLOs!AA25) | Z23: =ISTEXT(PLOs!AF25) | AA23: =ISNUMBER(PLOs!AG25) | AB23: =ISTEXT(PLOs!AH25) | AC23: =ISNUMBER(PLOs!AI25) | AD23: =ISTEXT(PLOs!AJ25) | AE23: =ISNUMBER(PLOs!AK25) | AF23: =ISTEXT(PLOs!AL25) | AG23: =ISNUMBER(PLOs!AM25) | AH23: =ISTEXT(PLOs!AN25) | AI23: =ISNUMBER(PLOs!AO25) | AJ23: =ISTEXT(PLOs!AP25) | AK23: =ISNUMBER(PLOs!AQ25) | AL23: =ISTEXT(PLOs!AR25) | AM23: =ISNUMBER(PLOs!AS25) | AN23: =ISTEXT(PLOs!AT25) | AO23: =ISNUMBER(PLOs!AU25)
F24: =ISTEXT(PLOs!F26) | G24: =ISNUMBER(PLOs!G26) | H24: =ISTEXT(PLOs!H26) | I24: =ISNUMBER(PLOs!I26) | J24: =ISTEXT(PLOs!J26) | K24: =ISNUMBER(PLOs!K26) | L24: =ISTEXT(PLOs!L26) | M24: =ISNUMBER(PLOs!M26) | N24: =ISTEXT(PLOs!P26) | O24: =ISNUMBER(PLOs!Q26) | P24: =ISTEXT(PLOs!R26) | Q24: =ISNUMBER(PLOs!S26) | R24: =ISTEXT(PLOs!T26) | S24: =ISNUMBER(PLOs!U26) | T24: =ISTEXT(PLOs!V26) | U24: =ISNUMBER(PLOs!W26) | V24: =ISTEXT(PLOs!X26) | W24: =ISNUMBER(PLOs!Y26) | X24: =ISTEXT(PLOs!Z26) | Y24: =ISNUMBER(PLOs!AA26) | Z24: =ISTEXT(PLOs!AF26) | AA24: =ISNUMBER(PLOs!AG26) | AB24: =ISTEXT(PLOs!AH26) | AC24: =ISNUMBER(PLOs!AI26) | AD24: =ISTEXT(PLOs!AJ26) | AE24: =ISNUMBER(PLOs!AK26) | AF24: =ISTEXT(PLOs!AL26) | AG24: =ISNUMBER(PLOs!AM26) | AH24: =ISTEXT(PLOs!AN26) | AI24: =ISNUMBER(PLOs!AO26) | AJ24: =ISTEXT(PLOs!AP26) | AK24: =ISNUMBER(PLOs!AQ26) | AL24: =ISTEXT(PLOs!AR26) | AM24: =ISNUMBER(PLOs!AS26) | AN24: =ISTEXT(PLOs!AT26) | AO24: =ISNUMBER(PLOs!AU26)
F25: =ISTEXT(PLOs!F27) | G25: =ISNUMBER(PLOs!G27) | H25: =ISTEXT(PLOs!H27) | I25: =ISNUMBER(PLOs!I27) | J25: =ISTEXT(PLOs!J27) | K25: =ISNUMBER(PLOs!K27) | L25: =ISTEXT(PLOs!L27) | M25: =ISNUMBER(PLOs!M27) | N25: =ISTEXT(PLOs!P27) | O25: =ISNUMBER(PLOs!Q27) | P25: =ISTEXT(PLOs!R27) | Q25: =ISNUMBER(PLOs!S27) | R25: =ISTEXT(PLOs!T27) | S25: =ISNUMBER(PLOs!U27) | T25: =ISTEXT(PLOs!V27) | U25: =ISNUMBER(PLOs!W27) | V25: =ISTEXT(PLOs!X27) | W25: =ISNUMBER(PLOs!Y27) | X25: =ISTEXT(PLOs!Z27) | Y25: =ISNUMBER(PLOs!AA27) | Z25: =ISTEXT(PLOs!AF27) | AA25: =ISNUMBER(PLOs!AG27) | AB25: =ISTEXT(PLOs!AH27) | AC25: =ISNUMBER(PLOs!AI27) | AD25: =ISTEXT(PLOs!AJ27) | AE25: =ISNUMBER(PLOs!AK27) | AF25: =ISTEXT(PLOs!AL27) | AG25: =ISNUMBER(PLOs!AM27) | AH25: =ISTEXT(PLOs!AN27) | AI25: =ISNUMBER(PLOs!AO27) | AJ25: =ISTEXT(PLOs!AP27) | AK25: =ISNUMBER(PLOs!AQ27) | AL25: =ISTEXT(PLOs!AR27) | AM25: =ISNUMBER(PLOs!AS27) | AN25: =ISTEXT(PLOs!AT27) | AO25: =ISNUMBER(PLOs!AU27)
F26: =ISTEXT(PLOs!#REF!) | G26: =ISNUMBER(PLOs!#REF!) | H26: =ISTEXT(PLOs!#REF!) | I26: =ISNUMBER(PLOs!#REF!) | J26: =ISTEXT(PLOs!#REF!) | K26: =ISNUMBER(PLOs!#REF!) | L26: =ISTEXT(PLOs!#REF!) | M26: =ISNUMBER(PLOs!#REF!) | N26: =ISTEXT(PLOs!#REF!) | O26: =ISNUMBER(PLOs!#REF!) | P26: =ISTEXT(PLOs!#REF!) | Q26: =ISNUMBER(PLOs!#REF!) | R26: =ISTEXT(PLOs!#REF!) | S26: =ISNUMBER(PLOs!#REF!) | T26: =ISTEXT(PLOs!#REF!) | U26: =ISNUMBER(PLOs!#REF!) | V26: =ISTEXT(PLOs!#REF!) | W26: =ISNUMBER(PLOs!#REF!) | X26: =ISTEXT(PLOs!#REF!) | Y26: =ISNUMBER(PLOs!#REF!) | Z26: =ISTEXT(PLOs!#REF!) | AA26: =ISNUMBER(PLOs!#REF!) | AB26: =ISTEXT(PLOs!#REF!) | AC26: =ISNUMBER(PLOs!#REF!) | AD26: =ISTEXT(PLOs!#REF!) | AE26: =ISNUMBER(PLOs!#REF!) | AF26: =ISTEXT(PLOs!#REF!) | AG26: =ISNUMBER(PLOs!#REF!) | AH26: =ISTEXT(PLOs!#REF!) | AI26: =ISNUMBER(PLOs!#REF!) | AJ26: =ISTEXT(PLOs!#REF!) | AK26: =ISNUMBER(PLOs!#REF!) | AL26: =ISTEXT(PLOs!#REF!) | AM26: =ISNUMBER(PLOs!#REF!) | AN26: =ISTEXT(PLOs!#REF!) | AO26: =ISNUMBER(PLOs!#REF!)
F27: =ISTEXT(PLOs!#REF!) | G27: =ISNUMBER(PLOs!#REF!) | H27: =ISTEXT(PLOs!#REF!) | I27: =ISNUMBER(PLOs!#REF!) | J27: =ISTEXT(PLOs!#REF!) | K27: =ISNUMBER(PLOs!#REF!) | L27: =ISTEXT(PLOs!#REF!) | M27: =ISNUMBER(PLOs!#REF!) | N27: =ISTEXT(PLOs!#REF!) | O27: =ISNUMBER(PLOs!#REF!) | P27: =ISTEXT(PLOs!#REF!) | Q27: =ISNUMBER(PLOs!#REF!) | R27: =ISTEXT(PLOs!#REF!) | S27: =ISNUMBER(PLOs!#REF!) | T27: =ISTEXT(PLOs!#REF!) | U27: =ISNUMBER(PLOs!#REF!) | V27: =ISTEXT(PLOs!#REF!) | W27: =ISNUMBER(PLOs!#REF!) | X27: =ISTEXT(PLOs!#REF!) | Y27: =ISNUMBER(PLOs!#REF!) | Z27: =ISTEXT(PLOs!#REF!) | AA27: =ISNUMBER(PLOs!#REF!) | AB27: =ISTEXT(PLOs!#REF!) | AC27: =ISNUMBER(PLOs!#REF!) | AD27: =ISTEXT(PLOs!#REF!) | AE27: =ISNUMBER(PLOs!#REF!) | AF27: =ISTEXT(PLOs!#REF!) | AG27: =ISNUMBER(PLOs!#REF!) | AH27: =ISTEXT(PLOs!#REF!) | AI27: =ISNUMBER(PLOs!#REF!) | AJ27: =ISTEXT(PLOs!#REF!) | AK27: =ISNUMBER(PLOs!#REF!) | AL27: =ISTEXT(PLOs!#REF!) | AM27: =ISNUMBER(PLOs!#REF!) | AN27: =ISTEXT(PLOs!#REF!) | AO27: =ISNUMBER(PLOs!#REF!)
F28: =ISTEXT(PLOs!#REF!) | G28: =ISNUMBER(PLOs!#REF!) | H28: =ISTEXT(PLOs!#REF!) | I28: =ISNUMBER(PLOs!#REF!) | J28: =ISTEXT(PLOs!#REF!) | K28: =ISNUMBER(PLOs!#REF!) | L28: =ISTEXT(PLOs!#REF!) | M28: =ISNUMBER(PLOs!#REF!) | N28: =ISTEXT(PLOs!#REF!) | O28: =ISNUMBER(PLOs!#REF!) | P28: =ISTEXT(PLOs!#REF!) | Q28: =ISNUMBER(PLOs!#REF!) | R28: =ISTEXT(PLOs!#REF!) | S28: =ISNUMBER(PLOs!#REF!) | T28: =ISTEXT(PLOs!#REF!) | U28: =ISNUMBER(PLOs!#REF!) | V28: =ISTEXT(PLOs!#REF!) | W28: =ISNUMBER(PLOs!#REF!) | X28: =ISTEXT(PLOs!#REF!) | Y28: =ISNUMBER(PLOs!#REF!) | Z28: =ISTEXT(PLOs!#REF!) | AA28: =ISNUMBER(PLOs!#REF!) | AB28: =ISTEXT(PLOs!#REF!) | AC28: =ISNUMBER(PLOs!#REF!) | AD28: =ISTEXT(PLOs!#REF!) | AE28: =ISNUMBER(PLOs!#REF!) | AF28: =ISTEXT(PLOs!#REF!) | AG28: =ISNUMBER(PLOs!#REF!) | AH28: =ISTEXT(PLOs!#REF!) | AI28: =ISNUMBER(PLOs!#REF!) | AJ28: =ISTEXT(PLOs!#REF!) | AK28: =ISNUMBER(PLOs!#REF!) | AL28: =ISTEXT(PLOs!#REF!) | AM28: =ISNUMBER(PLOs!#REF!) | AN28: =ISTEXT(PLOs!#REF!) | AO28: =ISNUMBER(PLOs!#REF!)
F29: =ISTEXT(PLOs!F28) | G29: =ISNUMBER(PLOs!G28) | H29: =ISTEXT(PLOs!H28) | I29: =ISNUMBER(PLOs!I28) | J29: =ISTEXT(PLOs!J28) | K29: =ISNUMBER(PLOs!K28) | L29: =ISTEXT(PLOs!L28) | M29: =ISNUMBER(PLOs!M28) | N29: =ISTEXT(PLOs!P28) | O29: =ISNUMBER(PLOs!Q28) | P29: =ISTEXT(PLOs!R28) | Q29: =ISNUMBER(PLOs!S28) | R29: =ISTEXT(PLOs!T28) | S29: =ISNUMBER(PLOs!U28) | T29: =ISTEXT(PLOs!V28) | U29: =ISNUMBER(PLOs!W28) | V29: =ISTEXT(PLOs!X28) | W29: =ISNUMBER(PLOs!Y28) | X29: =ISTEXT(PLOs!Z28) | Y29: =ISNUMBER(PLOs!AA28) | Z29: =ISTEXT(PLOs!AF28) | AA29: =ISNUMBER(PLOs!AG28) | AB29: =ISTEXT(PLOs!AH28) | AC29: =ISNUMBER(PLOs!AI28) | AD29: =ISTEXT(PLOs!AJ28) | AE29: =ISNUMBER(PLOs!AK28) | AF29: =ISTEXT(PLOs!AL28) | AG29: =ISNUMBER(PLOs!AM28) | AH29: =ISTEXT(PLOs!AN28) | AI29: =ISNUMBER(PLOs!AO28) | AJ29: =ISTEXT(PLOs!AP28) | AK29: =ISNUMBER(PLOs!AQ28) | AL29: =ISTEXT(PLOs!AR28) | AM29: =ISNUMBER(PLOs!AS28) | AN29: =ISTEXT(PLOs!AT28) | AO29: =ISNUMBER(PLOs!AU28)
F30: =ISTEXT(PLOs!G29) | G30: =ISNUMBER(PLOs!H29) | H30: =ISTEXT(PLOs!I29) | I30: =ISNUMBER(PLOs!J29) | J30: =ISTEXT(PLOs!K29) | K30: =ISNUMBER(PLOs!L29) | L30: =ISTEXT(PLOs!M29) | M30: =ISNUMBER(PLOs!N29) | N30: =ISTEXT(PLOs!Q29) | O30: =ISNUMBER(PLOs!R29) | P30: =ISTEXT(PLOs!S29) | Q30: =ISNUMBER(PLOs!T29) | R30: =ISTEXT(PLOs!U29) | S30: =ISNUMBER(PLOs!V29) | T30: =ISTEXT(PLOs!W29) | U30: =ISNUMBER(PLOs!X29) | V30: =ISTEXT(PLOs!Y29) | W30: =ISNUMBER(PLOs!Z29) | X30: =ISTEXT(PLOs!AA29) | Y30: =ISNUMBER(PLOs!AB29) | Z30: =ISTEXT(PLOs!AG29) | AA30: =ISNUMBER(PLOs!AH29) | AB30: =ISTEXT(PLOs!AI29) | AC30: =ISNUMBER(PLOs!AJ29) | AD30: =ISTEXT(PLOs!AK29) | AE30: =ISNUMBER(PLOs!AL29) | AF30: =ISTEXT(PLOs!AM29) | AG30: =ISNUMBER(PLOs!AN29) | AH30: =ISTEXT(PLOs!AO29) | AI30: =ISNUMBER(PLOs!AP29) | AJ30: =ISTEXT(PLOs!AQ29) | AK30: =ISNUMBER(PLOs!AR29) | AL30: =ISTEXT(PLOs!AS29) | AM30: =ISNUMBER(PLOs!AT29) | AN30: =ISTEXT(PLOs!AU29) | AO30: =ISNUMBER(PLOs!AV29)
F31: =ISTEXT(PLOs!G30) | G31: =ISNUMBER(PLOs!H30) | H31: =ISTEXT(PLOs!I30) | I31: =ISNUMBER(PLOs!J30) | J31: =ISTEXT(PLOs!K30) | K31: =ISNUMBER(PLOs!L30) | L31: =ISTEXT(PLOs!M30) | M31: =ISNUMBER(PLOs!N30) | N31: =ISTEXT(PLOs!Q30) | O31: =ISNUMBER(PLOs!R30) | P31: =ISTEXT(PLOs!S30) | Q31: =ISNUMBER(PLOs!T30) | R31: =ISTEXT(PLOs!U30) | S31: =ISNUMBER(PLOs!V30) | T31: =ISTEXT(PLOs!W30) | U31: =ISNUMBER(PLOs!X30) | V31: =ISTEXT(PLOs!Y30) | W31: =ISNUMBER(PLOs!Z30) | X31: =ISTEXT(PLOs!AA30) | Y31: =ISNUMBER(PLOs!AB30) | Z31: =ISTEXT(PLOs!AG30) | AA31: =ISNUMBER(PLOs!AH30) | AB31: =ISTEXT(PLOs!AI30) | AC31: =ISNUMBER(PLOs!AJ30) | AD31: =ISTEXT(PLOs!AK30) | AE31: =ISNUMBER(PLOs!AL30) | AF31: =ISTEXT(PLOs!AM30) | AG31: =ISNUMBER(PLOs!AN30) | AH31: =ISTEXT(PLOs!AO30) | AI31: =ISNUMBER(PLOs!AP30) | AJ31: =ISTEXT(PLOs!AQ30) | AK31: =ISNUMBER(PLOs!AR30) | AL31: =ISTEXT(PLOs!AS30) | AM31: =ISNUMBER(PLOs!AT30) | AN31: =ISTEXT(PLOs!AU30) | AO31: =ISNUMBER(PLOs!AV30)
F32: =ISTEXT(PLOs!#REF!) | G32: =ISNUMBER(PLOs!#REF!) | H32: =ISTEXT(PLOs!#REF!) | I32: =ISNUMBER(PLOs!#REF!) | J32: =ISTEXT(PLOs!#REF!) | K32: =ISNUMBER(PLOs!#REF!) | L32: =ISTEXT(PLOs!#REF!) | M32: =ISNUMBER(PLOs!#REF!) | N32: =ISTEXT(PLOs!#REF!) | O32: =ISNUMBER(PLOs!#REF!) | P32: =ISTEXT(PLOs!#REF!) | Q32: =ISNUMBER(PLOs!#REF!) | R32: =ISTEXT(PLOs!#REF!) | S32: =ISNUMBER(PLOs!#REF!) | T32: =ISTEXT(PLOs!#REF!) | U32: =ISNUMBER(PLOs!#REF!) | V32: =ISTEXT(PLOs!#REF!) | W32: =ISNUMBER(PLOs!#REF!) | X32: =ISTEXT(PLOs!#REF!) | Y32: =ISNUMBER(PLOs!#REF!) | Z32: =ISTEXT(PLOs!#REF!) | AA32: =ISNUMBER(PLOs!#REF!) | AB32: =ISTEXT(PLOs!#REF!) | AC32: =ISNUMBER(PLOs!#REF!) | AD32: =ISTEXT(PLOs!#REF!) | AE32: =ISNUMBER(PLOs!#REF!) | AF32: =ISTEXT(PLOs!#REF!) | AG32: =ISNUMBER(PLOs!#REF!) | AH32: =ISTEXT(PLOs!#REF!) | AI32: =ISNUMBER(PLOs!#REF!) | AJ32: =ISTEXT(PLOs!#REF!) | AK32: =ISNUMBER(PLOs!#REF!) | AL32: =ISTEXT(PLOs!#REF!) | AM32: =ISNUMBER(PLOs!#REF!) | AN32: =ISTEXT(PLOs!#REF!) | AO32: =ISNUMBER(PLOs!#REF!)
F33: =ISTEXT(PLOs!#REF!) | G33: =ISNUMBER(PLOs!#REF!) | H33: =ISTEXT(PLOs!#REF!) | I33: =ISNUMBER(PLOs!#REF!) | J33: =ISTEXT(PLOs!#REF!) | K33: =ISNUMBER(PLOs!#REF!) | L33: =ISTEXT(PLOs!#REF!) | M33: =ISNUMBER(PLOs!#REF!) | N33: =ISTEXT(PLOs!#REF!) | O33: =ISNUMBER(PLOs!#REF!) | P33: =ISTEXT(PLOs!#REF!) | Q33: =ISNUMBER(PLOs!#REF!) | R33: =ISTEXT(PLOs!#REF!) | S33: =ISNUMBER(PLOs!#REF!) | T33: =ISTEXT(PLOs!#REF!) | U33: =ISNUMBER(PLOs!#REF!) | V33: =ISTEXT(PLOs!#REF!) | W33: =ISNUMBER(PLOs!#REF!) | X33: =ISTEXT(PLOs!#REF!) | Y33: =ISNUMBER(PLOs!#REF!) | Z33: =ISTEXT(PLOs!#REF!) | AA33: =ISNUMBER(PLOs!#REF!) | AB33: =ISTEXT(PLOs!#REF!) | AC33: =ISNUMBER(PLOs!#REF!) | AD33: =ISTEXT(PLOs!#REF!) | AE33: =ISNUMBER(PLOs!#REF!) | AF33: =ISTEXT(PLOs!#REF!) | AG33: =ISNUMBER(PLOs!#REF!) | AH33: =ISTEXT(PLOs!#REF!) | AI33: =ISNUMBER(PLOs!#REF!) | AJ33: =ISTEXT(PLOs!#REF!) | AK33: =ISNUMBER(PLOs!#REF!) | AL33: =ISTEXT(PLOs!#REF!) | AM33: =ISNUMBER(PLOs!#REF!) | AN33: =ISTEXT(PLOs!#REF!) | AO33: =ISNUMBER(PLOs!#REF!)
F34: =ISTEXT(PLOs!#REF!) | G34: =ISNUMBER(PLOs!#REF!) | H34: =ISTEXT(PLOs!#REF!) | I34: =ISNUMBER(PLOs!#REF!) | J34: =ISTEXT(PLOs!#REF!) | K34: =ISNUMBER(PLOs!#REF!) | L34: =ISTEXT(PLOs!#REF!) | M34: =ISNUMBER(PLOs!#REF!) | N34: =ISTEXT(PLOs!#REF!) | O34: =ISNUMBER(PLOs!#REF!) | P34: =ISTEXT(PLOs!#REF!) | Q34: =ISNUMBER(PLOs!#REF!) | R34: =ISTEXT(PLOs!#REF!) | S34: =ISNUMBER(PLOs!#REF!) | T34: =ISTEXT(PLOs!#REF!) | U34: =ISNUMBER(PLOs!#REF!) | V34: =ISTEXT(PLOs!#REF!) | W34: =ISNUMBER(PLOs!#REF!) | X34: =ISTEXT(PLOs!#REF!) | Y34: =ISNUMBER(PLOs!#REF!) | Z34: =ISTEXT(PLOs!#REF!) | AA34: =ISNUMBER(PLOs!#REF!) | AB34: =ISTEXT(PLOs!#REF!) | AC34: =ISNUMBER(PLOs!#REF!) | AD34: =ISTEXT(PLOs!#REF!) | AE34: =ISNUMBER(PLOs!#REF!) | AF34: =ISTEXT(PLOs!#REF!) | AG34: =ISNUMBER(PLOs!#REF!) | AH34: =ISTEXT(PLOs!#REF!) | AI34: =ISNUMBER(PLOs!#REF!) | AJ34: =ISTEXT(PLOs!#REF!) | AK34: =ISNUMBER(PLOs!#REF!) | AL34: =ISTEXT(PLOs!#REF!) | AM34: =ISNUMBER(PLOs!#REF!) | AN34: =ISTEXT(PLOs!#REF!) | AO34: =ISNUMBER(PLOs!#REF!)
F35: =ISTEXT(PLOs!#REF!) | G35: =ISNUMBER(PLOs!#REF!) | H35: =ISTEXT(PLOs!#REF!) | I35: =ISNUMBER(PLOs!#REF!) | J35: =ISTEXT(PLOs!#REF!) | K35: =ISNUMBER(PLOs!#REF!) | L35: =ISTEXT(PLOs!#REF!) | M35: =ISNUMBER(PLOs!#REF!) | N35: =ISTEXT(PLOs!#REF!) | O35: =ISNUMBER(PLOs!#REF!) | P35: =ISTEXT(PLOs!#REF!) | Q35: =ISNUMBER(PLOs!#REF!) | R35: =ISTEXT(PLOs!#REF!) | S35: =ISNUMBER(PLOs!#REF!) | T35: =ISTEXT(PLOs!#REF!) | U35: =ISNUMBER(PLOs!#REF!) | V35: =ISTEXT(PLOs!#REF!) | W35: =ISNUMBER(PLOs!#REF!) | X35: =ISTEXT(PLOs!#REF!) | Y35: =ISNUMBER(PLOs!#REF!) | Z35: =ISTEXT(PLOs!#REF!) | AA35: =ISNUMBER(PLOs!#REF!) | AB35: =ISTEXT(PLOs!#REF!) | AC35: =ISNUMBER(PLOs!#REF!) | AD35: =ISTEXT(PLOs!#REF!) | AE35: =ISNUMBER(PLOs!#REF!) | AF35: =ISTEXT(PLOs!#REF!) | AG35: =ISNUMBER(PLOs!#REF!) | AH35: =ISTEXT(PLOs!#REF!) | AI35: =ISNUMBER(PLOs!#REF!) | AJ35: =ISTEXT(PLOs!#REF!) | AK35: =ISNUMBER(PLOs!#REF!) | AL35: =ISTEXT(PLOs!#REF!) | AM35: =ISNUMBER(PLOs!#REF!) | AN35: =ISTEXT(PLOs!#REF!) | AO35: =ISNUMBER(PLOs!#REF!)
F36: =ISTEXT(PLOs!#REF!) | G36: =ISNUMBER(PLOs!#REF!) | H36: =ISTEXT(PLOs!#REF!) | I36: =ISNUMBER(PLOs!#REF!) | J36: =ISTEXT(PLOs!#REF!) | K36: =ISNUMBER(PLOs!#REF!) | L36: =ISTEXT(PLOs!#REF!) | M36: =ISNUMBER(PLOs!#REF!) | N36: =ISTEXT(PLOs!#REF!) | O36: =ISNUMBER(PLOs!#REF!) | P36: =ISTEXT(PLOs!#REF!) | Q36: =ISNUMBER(PLOs!#REF!) | R36: =ISTEXT(PLOs!#REF!) | S36: =ISNUMBER(PLOs!#REF!) | T36: =ISTEXT(PLOs!#REF!) | U36: =ISNUMBER(PLOs!#REF!) | V36: =ISTEXT(PLOs!#REF!) | W36: =ISNUMBER(PLOs!#REF!) | X36: =ISTEXT(PLOs!#REF!) | Y36: =ISNUMBER(PLOs!#REF!) | Z36: =ISTEXT(PLOs!#REF!) | AA36: =ISNUMBER(PLOs!#REF!) | AB36: =ISTEXT(PLOs!#REF!) | AC36: =ISNUMBER(PLOs!#REF!) | AD36: =ISTEXT(PLOs!#REF!) | AE36: =ISNUMBER(PLOs!#REF!) | AF36: =ISTEXT(PLOs!#REF!) | AG36: =ISNUMBER(PLOs!#REF!) | AH36: =ISTEXT(PLOs!#REF!) | AI36: =ISNUMBER(PLOs!#REF!) | AJ36: =ISTEXT(PLOs!#REF!) | AK36: =ISNUMBER(PLOs!#REF!) | AL36: =ISTEXT(PLOs!#REF!) | AM36: =ISNUMBER(PLOs!#REF!) | AN36: =ISTEXT(PLOs!#REF!) | AO36: =ISNUMBER(PLOs!#REF!)
F37: =ISTEXT(PLOs!#REF!) | G37: =ISNUMBER(PLOs!#REF!) | H37: =ISTEXT(PLOs!#REF!) | I37: =ISNUMBER(PLOs!#REF!) | J37: =ISTEXT(PLOs!#REF!) | K37: =ISNUMBER(PLOs!#REF!) | L37: =ISTEXT(PLOs!#REF!) | M37: =ISNUMBER(PLOs!#REF!) | N37: =ISTEXT(PLOs!#REF!) | O37: =ISNUMBER(PLOs!#REF!) | P37: =ISTEXT(PLOs!#REF!) | Q37: =ISNUMBER(PLOs!#REF!) | R37: =ISTEXT(PLOs!#REF!) | S37: =ISNUMBER(PLOs!#REF!) | T37: =ISTEXT(PLOs!#REF!) | U37: =ISNUMBER(PLOs!#REF!) | V37: =ISTEXT(PLOs!#REF!) | W37: =ISNUMBER(PLOs!#REF!) | X37: =ISTEXT(PLOs!#REF!) | Y37: =ISNUMBER(PLOs!#REF!) | Z37: =ISTEXT(PLOs!#REF!) | AA37: =ISNUMBER(PLOs!#REF!) | AB37: =ISTEXT(PLOs!#REF!) | AC37: =ISNUMBER(PLOs!#REF!) | AD37: =ISTEXT(PLOs!#REF!) | AE37: =ISNUMBER(PLOs!#REF!) | AF37: =ISTEXT(PLOs!#REF!) | AG37: =ISNUMBER(PLOs!#REF!) | AH37: =ISTEXT(PLOs!#REF!) | AI37: =ISNUMBER(PLOs!#REF!) | AJ37: =ISTEXT(PLOs!#REF!) | AK37: =ISNUMBER(PLOs!#REF!) | AL37: =ISTEXT(PLOs!#REF!) | AM37: =ISNUMBER(PLOs!#REF!) | AN37: =ISTEXT(PLOs!#REF!) | AO37: =ISNUMBER(PLOs!#REF!)
F38: =ISTEXT(PLOs!G31) | G38: =ISNUMBER(PLOs!H31) | H38: =ISTEXT(PLOs!I31) | I38: =ISNUMBER(PLOs!J31) | J38: =ISTEXT(PLOs!K31) | K38: =ISNUMBER(PLOs!L31) | L38: =ISTEXT(PLOs!M31) | M38: =ISNUMBER(PLOs!N31) | N38: =ISTEXT(PLOs!Q31) | O38: =ISNUMBER(PLOs!R31) | P38: =ISTEXT(PLOs!S31) | Q38: =ISNUMBER(PLOs!T31) | R38: =ISTEXT(PLOs!U31) | S38: =ISNUMBER(PLOs!V31) | T38: =ISTEXT(PLOs!W31) | U38: =ISNUMBER(PLOs!X31) | V38: =ISTEXT(PLOs!Y31) | W38: =ISNUMBER(PLOs!AA31) | X38: =ISTEXT(PLOs!AB31) | Y38: =ISNUMBER(PLOs!#REF!) | Z38: =ISTEXT(PLOs!AG31) | AA38: =ISNUMBER(PLOs!AH31) | AB38: =ISTEXT(PLOs!AI31) | AC38: =ISNUMBER(PLOs!AJ31) | AD38: =ISTEXT(PLOs!AK31) | AE38: =ISNUMBER(PLOs!AL31) | AF38: =ISTEXT(PLOs!AM31) | AG38: =ISNUMBER(PLOs!AN31) | AH38: =ISTEXT(PLOs!AO31) | AI38: =ISNUMBER(PLOs!AP31) | AJ38: =ISTEXT(PLOs!AQ31) | AK38: =ISNUMBER(PLOs!AR31) | AL38: =ISTEXT(PLOs!AS31) | AM38: =ISNUMBER(PLOs!AT31) | AN38: =ISTEXT(PLOs!AU31) | AO38: =ISNUMBER(PLOs!AV31)
F39: =ISTEXT(PLOs!G32) | G39: =ISNUMBER(PLOs!H32) | H39: =ISTEXT(PLOs!I32) | I39: =ISNUMBER(PLOs!J32) | J39: =ISTEXT(PLOs!K32) | K39: =ISNUMBER(PLOs!L32) | L39: =ISTEXT(PLOs!M32) | M39: =ISNUMBER(PLOs!N32) | N39: =ISTEXT(PLOs!Q32) | O39: =ISNUMBER(PLOs!R32) | P39: =ISTEXT(PLOs!S32) | Q39: =ISNUMBER(PLOs!T32) | R39: =ISTEXT(PLOs!U32) | S39: =ISNUMBER(PLOs!V32) | T39: =ISTEXT(PLOs!W32) | U39: =ISNUMBER(PLOs!X32) | V39: =ISTEXT(PLOs!Y32) | W39: =ISNUMBER(PLOs!Z32) | X39: =ISTEXT(PLOs!AA32) | Y39: =ISNUMBER(PLOs!AB32) | Z39: =ISTEXT(PLOs!AG32) | AA39: =ISNUMBER(PLOs!AH32) | AB39: =ISTEXT(PLOs!AI32) | AC39: =ISNUMBER(PLOs!AJ32) | AD39: =ISTEXT(PLOs!AK32) | AE39: =ISNUMBER(PLOs!AL32) | AF39: =ISTEXT(PLOs!AM32) | AG39: =ISNUMBER(PLOs!AN32) | AH39: =ISTEXT(PLOs!AO32) | AI39: =ISNUMBER(PLOs!AP32) | AJ39: =ISTEXT(PLOs!AQ32) | AK39: =ISNUMBER(PLOs!AR32) | AL39: =ISTEXT(PLOs!AS32) | AM39: =ISNUMBER(PLOs!AT32) | AN39: =ISTEXT(PLOs!AU32) | AO39: =ISNUMBER(PLOs!AV32)
F40: =ISTEXT(PLOs!G33) | G40: =ISNUMBER(PLOs!H33) | H40: =ISTEXT(PLOs!I33) | I40: =ISNUMBER(PLOs!J33) | J40: =ISTEXT(PLOs!K33) | K40: =ISNUMBER(PLOs!L33) | L40: =ISTEXT(PLOs!M33) | M40: =ISNUMBER(PLOs!N33) | N40: =ISTEXT(PLOs!Q33) | O40: =ISNUMBER(PLOs!R33) | P40: =ISTEXT(PLOs!S33) | Q40: =ISNUMBER(PLOs!T33) | R40: =ISTEXT(PLOs!U33) | S40: =ISNUMBER(PLOs!V33) | T40: =ISTEXT(PLOs!W33) | U40: =ISNUMBER(PLOs!X33) | V40: =ISTEXT(PLOs!Y33) | W40: =ISNUMBER(PLOs!Z33) | X40: =ISTEXT(PLOs!AA33) | Y40: =ISNUMBER(PLOs!AB33) | Z40: =ISTEXT(PLOs!AG33) | AA40: =ISNUMBER(PLOs!AH33) | AB40: =ISTEXT(PLOs!AI33) | AC40: =ISNUMBER(PLOs!#REF!) | AD40: =ISTEXT(PLOs!AJ33) | AE40: =ISNUMBER(PLOs!AK33) | AF40: =ISTEXT(PLOs!AL33) | AG40: =ISNUMBER(PLOs!AM33) | AH40: =ISTEXT(PLOs!AN33) | AI40: =ISNUMBER(PLOs!AO33) | AJ40: =ISTEXT(PLOs!AP33) | AK40: =ISNUMBER(PLOs!AQ33) | AL40: =ISTEXT(PLOs!AR33) | AM40: =ISNUMBER(PLOs!AS33) | AN40: =ISTEXT(PLOs!AU33) | AO40: =ISNUMBER(PLOs!AV33)
F41: =ISTEXT(PLOs!G34) | G41: =ISNUMBER(PLOs!H34) | H41: =ISTEXT(PLOs!I34) | I41: =ISNUMBER(PLOs!J34) | J41: =ISTEXT(PLOs!K34) | K41: =ISNUMBER(PLOs!L34) | L41: =ISTEXT(PLOs!M34) | M41: =ISNUMBER(PLOs!N34) | N41: =ISTEXT(PLOs!Q34) | O41: =ISNUMBER(PLOs!R34) | P41: =ISTEXT(PLOs!S34) | Q41: =ISNUMBER(PLOs!T34) | R41: =ISTEXT(PLOs!U34) | S41: =ISNUMBER(PLOs!V34) | T41: =ISTEXT(PLOs!W34) | U41: =ISNUMBER(PLOs!X34) | V41: =ISTEXT(PLOs!#REF!) | W41: =ISNUMBER(PLOs!#REF!) | X41: =ISTEXT(PLOs!AA34) | Y41: =ISNUMBER(PLOs!AB34) | Z41: =ISTEXT(PLOs!AG34) | AA41: =ISNUMBER(PLOs!AH34) | AB41: =ISTEXT(PLOs!AI34) | AC41: =ISNUMBER(PLOs!AJ34) | AD41: =ISTEXT(PLOs!AO34) | AE41: =ISNUMBER(PLOs!AP34) | AF41: =ISTEXT(PLOs!AM34) | AG41: =ISNUMBER(PLOs!AN34) | AH41: =ISTEXT(PLOs!#REF!) | AI41: =ISNUMBER(PLOs!#REF!) | AJ41: =ISTEXT(PLOs!AQ34) | AK41: =ISNUMBER(PLOs!AR34) | AL41: =ISTEXT(PLOs!Y34) | AM41: =ISNUMBER(PLOs!Z34) | AN41: =ISTEXT(PLOs!AU34) | AO41: =ISNUMBER(PLOs!AV34)
F42: =ISTEXT(PLOs!G35) | G42: =ISNUMBER(PLOs!H35) | H42: =ISTEXT(PLOs!I35) | I42: =ISNUMBER(PLOs!J35) | J42: =ISTEXT(PLOs!K35) | K42: =ISNUMBER(PLOs!L35) | L42: =ISTEXT(PLOs!M35) | M42: =ISNUMBER(PLOs!N35) | N42: =ISTEXT(PLOs!Q35) | O42: =ISNUMBER(PLOs!R35) | P42: =ISTEXT(PLOs!S35) | Q42: =ISNUMBER(PLOs!T35) | R42: =ISTEXT(PLOs!U35) | S42: =ISNUMBER(PLOs!V35) | T42: =ISTEXT(PLOs!W35) | U42: =ISNUMBER(PLOs!X35) | V42: =ISTEXT(PLOs!Y35) | W42: =ISNUMBER(PLOs!Z35) | X42: =ISTEXT(PLOs!AA35) | Y42: =ISNUMBER(PLOs!AB35) | Z42: =ISTEXT(PLOs!AG35) | AA42: =ISNUMBER(PLOs!AH35) | AB42: =ISTEXT(PLOs!AI35) | AC42: =ISNUMBER(PLOs!AJ35) | AD42: =ISTEXT(PLOs!AK35) | AE42: =ISNUMBER(PLOs!AL35) | AF42: =ISTEXT(PLOs!AO35) | AG42: =ISNUMBER(PLOs!AP35) | AH42: =ISTEXT(PLOs!#REF!) | AI42: =ISNUMBER(PLOs!#REF!) | AJ42: =ISTEXT(PLOs!AQ35) | AK42: =ISNUMBER(PLOs!AR35) | AL42: =ISTEXT(PLOs!AM35) | AM42: =ISNUMBER(PLOs!AN35) | AN42: =ISTEXT(PLOs!AU35) | AO42: =ISNUMBER(PLOs!AV35)
F43: =ISTEXT(PLOs!G36) | G43: =ISNUMBER(PLOs!H36) | H43: =ISTEXT(PLOs!I36) | I43: =ISNUMBER(PLOs!J36) | J43: =ISTEXT(PLOs!K36) | K43: =ISNUMBER(PLOs!L36) | L43: =ISTEXT(PLOs!M36) | M43: =ISNUMBER(PLOs!N36) | N43: =ISTEXT(PLOs!Q36) | O43: =ISNUMBER(PLOs!R36) | P43: =ISTEXT(PLOs!S36) | Q43: =ISNUMBER(PLOs!T36) | R43: =ISTEXT(PLOs!U36) | S43: =ISNUMBER(PLOs!V36) | T43: =ISTEXT(PLOs!W36) | U43: =ISNUMBER(PLOs!X36) | V43: =ISTEXT(PLOs!Y36) | W43: =ISNUMBER(PLOs!Z36) | X43: =ISTEXT(PLOs!AA36) | Y43: =ISNUMBER(PLOs!AB36) | Z43: =ISTEXT(PLOs!AG36) | AA43: =ISNUMBER(PLOs!AH36) | AB43: =ISTEXT(PLOs!AI36) | AC43: =ISNUMBER(PLOs!AJ36) | AD43: =ISTEXT(PLOs!AK36) | AE43: =ISNUMBER(PLOs!AL36) | AF43: =ISTEXT(PLOs!AM36) | AG43: =ISNUMBER(PLOs!AN36) | AH43: =ISTEXT(PLOs!AO36) | AI43: =ISNUMBER(PLOs!AP36) | AJ43: =ISTEXT(PLOs!AQ36) | AK43: =ISNUMBER(PLOs!AR36) | AL43: =ISTEXT(PLOs!AS36) | AM43: =ISNUMBER(PLOs!AT36) | AN43: =ISTEXT(PLOs!AU36) | AO43: =ISNUMBER(PLOs!AV36)
F44: =ISTEXT(PLOs!G37) | G44: =ISNUMBER(PLOs!H37) | H44: =ISTEXT(PLOs!I37) | I44: =ISNUMBER(PLOs!J37) | J44: =ISTEXT(PLOs!K37) | K44: =ISNUMBER(PLOs!L37) | L44: =ISTEXT(PLOs!M37) | M44: =ISNUMBER(PLOs!N37) | N44: =ISTEXT(PLOs!Q37) | O44: =ISNUMBER(PLOs!R37) | P44: =ISTEXT(PLOs!#REF!) | Q44: =ISNUMBER(PLOs!#REF!) | R44: =ISTEXT(PLOs!#REF!) | S44: =ISNUMBER(PLOs!V37) | T44: =ISTEXT(PLOs!#REF!) | U44: =ISNUMBER(PLOs!X37) | V44: =ISTEXT(PLOs!U37) | W44: =ISNUMBER(PLOs!Z37) | X44: =ISTEXT(PLOs!W37) | Y44: =ISNUMBER(PLOs!AB37) | Z44: =ISTEXT(PLOs!AA37) | AA44: =ISNUMBER(PLOs!AH37) | AB44: =ISTEXT(PLOs!AG37) | AC44: =ISNUMBER(PLOs!AJ37) | AD44: =ISTEXT(PLOs!#REF!) | AE44: =ISNUMBER(PLOs!AL37) | AF44: =ISTEXT(PLOs!AM37) | AG44: =ISNUMBER(PLOs!AN37) | AH44: =ISTEXT(PLOs!AO37) | AI44: =ISNUMBER(PLOs!AP37) | AJ44: =ISTEXT(PLOs!AQ37) | AK44: =ISNUMBER(PLOs!AR37) | AL44: =ISTEXT(PLOs!AS37) | AM44: =ISNUMBER(PLOs!AT37) | AN44: =ISTEXT(PLOs!AU37) | AO44: =ISNUMBER(PLOs!AV37)
F45: =ISTEXT(PLOs!G38) | G45: =ISNUMBER(PLOs!H38) | H45: =ISTEXT(PLOs!#REF!) | I45: =ISNUMBER(PLOs!J38) | J45: =ISTEXT(PLOs!#REF!) | K45: =ISNUMBER(PLOs!L38) | L45: =ISTEXT(PLOs!#REF!) | M45: =ISNUMBER(PLOs!N38) | N45: =ISTEXT(PLOs!Q38) | O45: =ISNUMBER(PLOs!R38) | P45: =ISTEXT(PLOs!#REF!) | Q45: =ISNUMBER(PLOs!T38) | R45: =ISTEXT(PLOs!#REF!) | S45: =ISNUMBER(PLOs!V38) | T45: =ISTEXT(PLOs!#REF!) | U45: =ISNUMBER(PLOs!X38) | V45: =ISTEXT(PLOs!#REF!) | W45: =ISNUMBER(PLOs!Z38) | X45: =ISTEXT(PLOs!AA38) | Y45: =ISNUMBER(PLOs!AB38) | Z45: =ISTEXT(PLOs!AG38) | AA45: =ISNUMBER(PLOs!AH38) | AB45: =ISTEXT(PLOs!AI38) | AC45: =ISNUMBER(PLOs!AJ38) | AD45: =ISTEXT(PLOs!AM38) | AE45: =ISNUMBER(PLOs!AL38) | AF45: =ISTEXT(PLOs!#REF!) | AG45: =ISNUMBER(PLOs!AN38) | AH45: =ISTEXT(PLOs!AO38) | AI45: =ISNUMBER(PLOs!AP38) | AJ45: =ISTEXT(PLOs!AQ38) | AK45: =ISNUMBER(PLOs!AR38) | AL45: =ISTEXT(PLOs!AS38) | AM45: =ISNUMBER(PLOs!AT38) | AN45: =ISTEXT(PLOs!AU38) | AO45: =ISNUMBER(PLOs!AV38)
F46: =ISTEXT(PLOs!I38) | G46: =ISNUMBER(PLOs!H39) | H46: =ISTEXT(PLOs!I39) | I46: =ISNUMBER(PLOs!J39) | J46: =ISTEXT(PLOs!K39) | K46: =ISNUMBER(PLOs!L39) | L46: =ISTEXT(PLOs!M39) | M46: =ISNUMBER(PLOs!N39) | N46: =ISTEXT(PLOs!S38) | O46: =ISNUMBER(PLOs!R39) | P46: =ISTEXT(PLOs!S39) | Q46: =ISNUMBER(PLOs!T39) | R46: =ISTEXT(PLOs!W39) | S46: =ISNUMBER(PLOs!X39) | T46: =ISTEXT(PLOs!#REF!) | U46: =ISNUMBER(PLOs!#REF!) | V46: =ISTEXT(PLOs!Y39) | W46: =ISNUMBER(PLOs!Z39) | X46: =ISTEXT(PLOs!AA39) | Y46: =ISNUMBER(PLOs!AB39) | Z46: =ISTEXT(PLOs!AG39) | AA46: =ISNUMBER(PLOs!AH39) | AB46: =ISTEXT(PLOs!AI39) | AC46: =ISNUMBER(PLOs!AK39) | AD46: =ISTEXT(PLOs!AK38) | AE46: =ISNUMBER(PLOs!AL39) | AF46: =ISTEXT(PLOs!AM39) | AG46: =ISNUMBER(PLOs!AN39) | AH46: =ISTEXT(PLOs!AO39) | AI46: =ISNUMBER(PLOs!AP39) | AJ46: =ISTEXT(PLOs!AQ39) | AK46: =ISNUMBER(PLOs!AR39) | AL46: =ISTEXT(PLOs!AS39) | AM46: =ISNUMBER(PLOs!AU39) | AN46: =ISTEXT(PLOs!#REF!) | AO46: =ISNUMBER(PLOs!AV39)
F47: =ISTEXT(PLOs!K38) | G47: =ISNUMBER(PLOs!H40) | H47: =ISTEXT(PLOs!I40) | I47: =ISNUMBER(PLOs!J40) | J47: =ISTEXT(PLOs!K40) | K47: =ISNUMBER(PLOs!L40) | L47: =ISTEXT(PLOs!M40) | M47: =ISNUMBER(PLOs!N40) | N47: =ISTEXT(PLOs!U38) | O47: =ISNUMBER(PLOs!R40) | P47: =ISTEXT(PLOs!S40) | Q47: =ISNUMBER(PLOs!T40) | R47: =ISTEXT(PLOs!U40) | S47: =ISNUMBER(PLOs!V40) | T47: =ISTEXT(PLOs!W40) | U47: =ISNUMBER(PLOs!X40) | V47: =ISTEXT(PLOs!Y40) | W47: =ISNUMBER(PLOs!Z40) | X47: =ISTEXT(PLOs!AA40) | Y47: =ISNUMBER(PLOs!AB40) | Z47: =ISTEXT(PLOs!AG40) | AA47: =ISNUMBER(PLOs!AH40) | AB47: =ISTEXT(PLOs!AI40) | AC47: =ISNUMBER(PLOs!AK40) | AD47: =ISTEXT(PLOs!#REF!) | AE47: =ISNUMBER(PLOs!AL40) | AF47: =ISTEXT(PLOs!#REF!) | AG47: =ISNUMBER(PLOs!AM40) | AH47: =ISTEXT(PLOs!AO40) | AI47: =ISNUMBER(PLOs!AP40) | AJ47: =ISTEXT(PLOs!AQ40) | AK47: =ISNUMBER(PLOs!AR45) | AL47: =ISTEXT(PLOs!AS40) | AM47: =ISNUMBER(PLOs!AT40) | AN47: =ISTEXT(PLOs!AU40) | AO47: =ISNUMBER(PLOs!AV40)
F48: =ISTEXT(PLOs!M38) | G48: =ISNUMBER(PLOs!H41) | H48: =ISTEXT(PLOs!I41) | I48: =ISNUMBER(PLOs!J41) | J48: =ISTEXT(PLOs!K41) | K48: =ISNUMBER(PLOs!L41) | L48: =ISTEXT(PLOs!M41) | M48: =ISNUMBER(PLOs!N41) | N48: =ISTEXT(PLOs!W38) | O48: =ISNUMBER(PLOs!R41) | P48: =ISTEXT(PLOs!S41) | Q48: =ISNUMBER(PLOs!T41) | R48: =ISTEXT(PLOs!U41) | S48: =ISNUMBER(PLOs!V41) | T48: =ISTEXT(PLOs!W41) | U48: =ISNUMBER(PLOs!X41) | V48: =ISTEXT(PLOs!Y41) | W48: =ISNUMBER(PLOs!Z41) | X48: =ISTEXT(PLOs!AA41) | Y48: =ISNUMBER(PLOs!AB41) | Z48: =ISTEXT(PLOs!AG41) | AA48: =ISNUMBER(PLOs!AH41) | AB48: =ISTEXT(PLOs!AI41) | AC48: =ISNUMBER(PLOs!AJ41) | AD48: =ISTEXT(PLOs!AK41) | AE48: =ISNUMBER(PLOs!AL41) | AF48: =ISTEXT(PLOs!AM41) | AG48: =ISNUMBER(PLOs!AN41) | AH48: =ISTEXT(PLOs!AO41) | AI48: =ISNUMBER(PLOs!AP41) | AJ48: =ISTEXT(PLOs!AS41) | AK48: =ISNUMBER(PLOs!#REF!) | AL48: =ISTEXT(PLOs!#REF!) | AM48: =ISNUMBER(PLOs!AU41) | AN48: =ISTEXT(PLOs!AV41) | AO48: =ISNUMBER(PLOs!#REF!)
F49: =ISTEXT(PLOs!G42) | G49: =ISNUMBER(PLOs!H42) | H49: =ISTEXT(PLOs!I42) | I49: =ISNUMBER(PLOs!J42) | J49: =ISTEXT(PLOs!K42) | K49: =ISNUMBER(PLOs!L42) | L49: =ISTEXT(PLOs!M42) | M49: =ISNUMBER(PLOs!N42) | N49: =ISTEXT(PLOs!Y38) | O49: =ISNUMBER(PLOs!R42) | P49: =ISTEXT(PLOs!S42) | Q49: =ISNUMBER(PLOs!T42) | R49: =ISTEXT(PLOs!U42) | S49: =ISNUMBER(PLOs!V42) | T49: =ISTEXT(PLOs!W42) | U49: =ISNUMBER(PLOs!X42) | V49: =ISTEXT(PLOs!Y42) | W49: =ISNUMBER(PLOs!Z42) | X49: =ISTEXT(PLOs!AA42) | Y49: =ISNUMBER(PLOs!AB42) | Z49: =ISTEXT(PLOs!AG42) | AA49: =ISNUMBER(PLOs!AH42) | AB49: =ISTEXT(PLOs!AI42) | AC49: =ISNUMBER(PLOs!AJ42) | AD49: =ISTEXT(PLOs!AK42) | AE49: =ISNUMBER(PLOs!AL42) | AF49: =ISTEXT(PLOs!AM42) | AG49: =ISNUMBER(PLOs!AN42) | AH49: =ISTEXT(PLOs!AO42) | AI49: =ISNUMBER(PLOs!AP42) | AJ49: =ISTEXT(PLOs!AQ42) | AK49: =ISNUMBER(PLOs!AR47) | AL49: =ISTEXT(PLOs!AS42) | AM49: =ISNUMBER(PLOs!AT42) | AN49: =ISTEXT(PLOs!AU42) | AO49: =ISNUMBER(PLOs!AV42)
F50: =ISTEXT(PLOs!#REF!) | G50: =ISNUMBER(PLOs!#REF!) | H50: =ISTEXT(PLOs!#REF!) | I50: =ISNUMBER(PLOs!#REF!) | J50: =ISTEXT(PLOs!#REF!) | K50: =ISNUMBER(PLOs!#REF!) | L50: =ISTEXT(PLOs!#REF!) | M50: =ISNUMBER(PLOs!#REF!) | N50: =ISTEXT(PLOs!#REF!) | O50: =ISNUMBER(PLOs!#REF!) | P50: =ISTEXT(PLOs!#REF!) | Q50: =ISNUMBER(PLOs!#REF!) | R50: =ISTEXT(PLOs!#REF!) | S50: =ISNUMBER(PLOs!#REF!) | T50: =ISTEXT(PLOs!#REF!) | U50: =ISNUMBER(PLOs!#REF!) | V50: =ISTEXT(PLOs!#REF!) | W50: =ISNUMBER(PLOs!#REF!) | X50: =ISTEXT(PLOs!#REF!) | Y50: =ISNUMBER(PLOs!#REF!) | Z50: =ISTEXT(PLOs!#REF!) | AA50: =ISNUMBER(PLOs!#REF!) | AB50: =ISTEXT(PLOs!#REF!) | AC50: =ISNUMBER(PLOs!#REF!) | AD50: =ISTEXT(PLOs!#REF!) | AE50: =ISNUMBER(PLOs!#REF!) | AF50: =ISTEXT(PLOs!#REF!) | AG50: =ISNUMBER(PLOs!#REF!) | AH50: =ISTEXT(PLOs!#REF!) | AI50: =ISNUMBER(PLOs!#REF!) | AJ50: =ISTEXT(PLOs!#REF!) | AK50: =ISNUMBER(PLOs!#REF!) | AL50: =ISTEXT(PLOs!#REF!) | AM50: =ISNUMBER(PLOs!#REF!) | AN50: =ISTEXT(PLOs!#REF!) | AO50: =ISNUMBER(PLOs!#REF!)
F51: =ISTEXT(PLOs!G43) | G51: =ISNUMBER(PLOs!H43) | H51: =ISTEXT(PLOs!I43) | I51: =ISNUMBER(PLOs!J43) | J51: =ISTEXT(PLOs!K43) | K51: =ISNUMBER(PLOs!L43) | L51: =ISTEXT(PLOs!M43) | M51: =ISNUMBER(PLOs!N43) | N51: =ISTEXT(PLOs!Q43) | O51: =ISNUMBER(PLOs!R43) | P51: =ISTEXT(PLOs!S43) | Q51: =ISNUMBER(PLOs!T43) | R51: =ISTEXT(PLOs!U43) | S51: =ISNUMBER(PLOs!V43) | T51: =ISTEXT(PLOs!W43) | U51: =ISNUMBER(PLOs!X43) | V51: =ISTEXT(PLOs!Y43) | W51: =ISNUMBER(PLOs!Z43) | X51: =ISTEXT(PLOs!AA43) | Y51: =ISNUMBER(PLOs!AB43) | Z51: =ISTEXT(PLOs!AG43) | AA51: =ISNUMBER(PLOs!AH43) | AB51: =ISTEXT(PLOs!AI43) | AC51: =ISNUMBER(PLOs!AJ43) | AD51: =ISTEXT(PLOs!AK43) | AE51: =ISNUMBER(PLOs!AL43) | AF51: =ISTEXT(PLOs!AM43) | AG51: =ISNUMBER(PLOs!AN43) | AH51: =ISTEXT(PLOs!AO43) | AI51: =ISNUMBER(PLOs!AP43) | AJ51: =ISTEXT(PLOs!AQ43) | AK51: =ISNUMBER(PLOs!AR43) | AL51: =ISTEXT(PLOs!AS43) | AM51: =ISNUMBER(PLOs!AT43) | AN51: =ISTEXT(PLOs!AU43) | AO51: =ISNUMBER(PLOs!AV43)
F52: =ISTEXT(PLOs!G44) | G52: =ISNUMBER(PLOs!H44) | H52: =ISTEXT(PLOs!I44) | I52: =ISNUMBER(PLOs!J44) | J52: =ISTEXT(PLOs!K44) | K52: =ISNUMBER(PLOs!L44) | L52: =ISTEXT(PLOs!M44) | M52: =ISNUMBER(PLOs!N44) | N52: =ISTEXT(PLOs!Q44) | O52: =ISNUMBER(PLOs!R44) | P52: =ISTEXT(PLOs!S44) | Q52: =ISNUMBER(PLOs!T44) | R52: =ISTEXT(PLOs!U44) | S52: =ISNUMBER(PLOs!V44) | T52: =ISTEXT(PLOs!W44) | U52: =ISNUMBER(PLOs!X44) | V52: =ISTEXT(PLOs!Y44) | W52: =ISNUMBER(PLOs!Z44) | X52: =ISTEXT(PLOs!AA44) | Y52: =ISNUMBER(PLOs!AB44) | Z52: =ISTEXT(PLOs!AG44) | AA52: =ISNUMBER(PLOs!AH44) | AB52: =ISTEXT(PLOs!AI44) | AC52: =ISNUMBER(PLOs!AJ44) | AD52: =ISTEXT(PLOs!AK44) | AE52: =ISNUMBER(PLOs!AL44) | AF52: =ISTEXT(PLOs!AM44) | AG52: =ISNUMBER(PLOs!AN44) | AH52: =ISTEXT(PLOs!AO44) | AI52: =ISNUMBER(PLOs!AP44) | AJ52: =ISTEXT(PLOs!AQ44) | AK52: =ISNUMBER(PLOs!AR44) | AL52: =ISTEXT(PLOs!AS44) | AM52: =ISNUMBER(PLOs!AT44) | AN52: =ISTEXT(PLOs!AU44) | AO52: =ISNUMBER(PLOs!AV44)
F53: =ISTEXT(PLOs!G45) | G53: =ISNUMBER(PLOs!H45) | H53: =ISTEXT(PLOs!I45) | I53: =ISNUMBER(PLOs!J45) | J53: =ISTEXT(PLOs!K45) | K53: =ISNUMBER(PLOs!L45) | L53: =ISTEXT(PLOs!M45) | M53: =ISNUMBER(PLOs!N45) | N53: =ISTEXT(PLOs!Q45) | O53: =ISNUMBER(PLOs!R45) | P53: =ISTEXT(PLOs!S45) | Q53: =ISNUMBER(PLOs!T45) | R53: =ISTEXT(PLOs!U45) | S53: =ISNUMBER(PLOs!V45) | T53: =ISTEXT(PLOs!W45) | U53: =ISNUMBER(PLOs!X45) | V53: =ISTEXT(PLOs!Y45) | W53: =ISNUMBER(PLOs!Z45) | X53: =ISTEXT(PLOs!AA45) | Y53: =ISNUMBER(PLOs!AB45) | Z53: =ISTEXT(PLOs!AG45) | AA53: =ISNUMBER(PLOs!AH45) | AB53: =ISTEXT(PLOs!AI45) | AC53: =ISNUMBER(PLOs!AJ45) | AD53: =ISTEXT(PLOs!AK45) | AE53: =ISNUMBER(PLOs!AL45) | AF53: =ISTEXT(PLOs!AM45) | AG53: =ISNUMBER(PLOs!AN45) | AH53: =ISTEXT(PLOs!AO45) | AI53: =ISNUMBER(PLOs!AP45) | AJ53: =ISTEXT(PLOs!AQ45) | AK53: =ISNUMBER(PLOs!#REF!) | AL53: =ISTEXT(PLOs!AS45) | AM53: =ISNUMBER(PLOs!AT45) | AN53: =ISTEXT(PLOs!AU45) | AO53: =ISNUMBER(PLOs!AV45)
F54: =ISTEXT(PLOs!#REF!) | G54: =ISNUMBER(PLOs!#REF!) | H54: =ISTEXT(PLOs!#REF!) | I54: =ISNUMBER(PLOs!#REF!) | J54: =ISTEXT(PLOs!#REF!) | K54: =ISNUMBER(PLOs!#REF!) | L54: =ISTEXT(PLOs!#REF!) | M54: =ISNUMBER(PLOs!#REF!) | N54: =ISTEXT(PLOs!#REF!) | O54: =ISNUMBER(PLOs!#REF!) | P54: =ISTEXT(PLOs!#REF!) | Q54: =ISNUMBER(PLOs!#REF!) | R54: =ISTEXT(PLOs!#REF!) | S54: =ISNUMBER(PLOs!#REF!) | T54: =ISTEXT(PLOs!#REF!) | U54: =ISNUMBER(PLOs!#REF!) | V54: =ISTEXT(PLOs!#REF!) | W54: =ISNUMBER(PLOs!#REF!) | X54: =ISTEXT(PLOs!#REF!) | Y54: =ISNUMBER(PLOs!#REF!) | Z54: =ISTEXT(PLOs!#REF!) | AA54: =ISNUMBER(PLOs!#REF!) | AB54: =ISTEXT(PLOs!#REF!) | AC54: =ISNUMBER(PLOs!#REF!) | AD54: =ISTEXT(PLOs!#REF!) | AE54: =ISNUMBER(PLOs!#REF!) | AF54: =ISTEXT(PLOs!#REF!) | AG54: =ISNUMBER(PLOs!#REF!) | AH54: =ISTEXT(PLOs!#REF!) | AI54: =ISNUMBER(PLOs!#REF!) | AJ54: =ISTEXT(PLOs!#REF!) | AK54: =ISNUMBER(PLOs!#REF!) | AL54: =ISTEXT(PLOs!#REF!) | AM54: =ISNUMBER(PLOs!#REF!) | AN54: =ISTEXT(PLOs!#REF!) | AO54: =ISNUMBER(PLOs!#REF!)
F55: =ISTEXT(PLOs!G47) | G55: =ISNUMBER(PLOs!H47) | H55: =ISTEXT(PLOs!I47) | I55: =ISNUMBER(PLOs!J47) | J55: =ISTEXT(PLOs!K47) | K55: =ISNUMBER(PLOs!L47) | L55: =ISTEXT(PLOs!M47) | M55: =ISNUMBER(PLOs!N47) | N55: =ISTEXT(PLOs!Q47) | O55: =ISNUMBER(PLOs!R47) | P55: =ISTEXT(PLOs!S47) | Q55: =ISNUMBER(PLOs!T47) | R55: =ISTEXT(PLOs!U47) | S55: =ISNUMBER(PLOs!V47) | T55: =ISTEXT(PLOs!W47) | U55: =ISNUMBER(PLOs!X47) | V55: =ISTEXT(PLOs!Y47) | W55: =ISNUMBER(PLOs!Z47) | X55: =ISTEXT(PLOs!AA47) | Y55: =ISNUMBER(PLOs!AB47) | Z55: =ISTEXT(PLOs!AG47) | AA55: =ISNUMBER(PLOs!AH47) | AB55: =ISTEXT(PLOs!AI47) | AC55: =ISNUMBER(PLOs!AJ47) | AD55: =ISTEXT(PLOs!AK47) | AE55: =ISNUMBER(PLOs!AL47) | AF55: =ISTEXT(PLOs!AM47) | AG55: =ISNUMBER(PLOs!AN47) | AH55: =ISTEXT(PLOs!AO47) | AI55: =ISNUMBER(PLOs!AP47) | AJ55: =ISTEXT(PLOs!AQ47) | AK55: =ISNUMBER(PLOs!#REF!) | AL55: =ISTEXT(PLOs!AS47) | AM55: =ISNUMBER(PLOs!AT47) | AN55: =ISTEXT(PLOs!AU47) | AO55: =ISNUMBER(PLOs!AV47)
F56: =ISTEXT(PLOs!G48) | G56: =ISNUMBER(PLOs!H48) | H56: =ISTEXT(PLOs!I48) | I56: =ISNUMBER(PLOs!J48) | J56: =ISTEXT(PLOs!K48) | K56: =ISNUMBER(PLOs!L48) | L56: =ISTEXT(PLOs!M48) | M56: =ISNUMBER(PLOs!N48) | N56: =ISTEXT(PLOs!Q48) | O56: =ISNUMBER(PLOs!R48) | P56: =ISTEXT(PLOs!S48) | Q56: =ISNUMBER(PLOs!T48) | R56: =ISTEXT(PLOs!U48) | S56: =ISNUMBER(PLOs!V48) | T56: =ISTEXT(PLOs!W48) | U56: =ISNUMBER(PLOs!X48) | V56: =ISTEXT(PLOs!Y48) | W56: =ISNUMBER(PLOs!Z48) | X56: =ISTEXT(PLOs!AA48) | Y56: =ISNUMBER(PLOs!AB48) | Z56: =ISTEXT(PLOs!AG48) | AA56: =ISNUMBER(PLOs!AH48) | AB56: =ISTEXT(PLOs!AI48) | AC56: =ISNUMBER(PLOs!AJ48) | AD56: =ISTEXT(PLOs!AK48) | AE56: =ISNUMBER(PLOs!AL48) | AF56: =ISTEXT(PLOs!AM48) | AG56: =ISNUMBER(PLOs!AN48) | AH56: =ISTEXT(PLOs!AO48) | AI56: =ISNUMBER(PLOs!AP48) | AJ56: =ISTEXT(PLOs!AQ48) | AK56: =ISNUMBER(PLOs!AR48) | AL56: =ISTEXT(PLOs!AS48) | AM56: =ISNUMBER(PLOs!AT48) | AN56: =ISTEXT(PLOs!AU48) | AO56: =ISNUMBER(PLOs!AV48)
F57: =ISTEXT(PLOs!G49) | G57: =ISNUMBER(PLOs!H49) | H57: =ISTEXT(PLOs!I49) | I57: =ISNUMBER(PLOs!J49) | J57: =ISTEXT(PLOs!K49) | K57: =ISNUMBER(PLOs!L49) | L57: =ISTEXT(PLOs!M49) | M57: =ISNUMBER(PLOs!N49) | N57: =ISTEXT(PLOs!Q49) | O57: =ISNUMBER(PLOs!R49) | P57: =ISTEXT(PLOs!S49) | Q57: =ISNUMBER(PLOs!T49) | R57: =ISTEXT(PLOs!U49) | S57: =ISNUMBER(PLOs!V49) | T57: =ISTEXT(PLOs!W49) | U57: =ISNUMBER(PLOs!X49) | V57: =ISTEXT(PLOs!Y49) | W57: =ISNUMBER(PLOs!Z49) | X57: =ISTEXT(PLOs!AA49) | Y57: =ISNUMBER(PLOs!AB49) | Z57: =ISTEXT(PLOs!AG49) | AA57: =ISNUMBER(PLOs!AH49) | AB57: =ISTEXT(PLOs!AI49) | AC57: =ISNUMBER(PLOs!AJ49) | AD57: =ISTEXT(PLOs!AK49) | AE57: =ISNUMBER(PLOs!AL49) | AF57: =ISTEXT(PLOs!AM49) | AG57: =ISNUMBER(PLOs!AN49) | AH57: =ISTEXT(PLOs!AO49) | AI57: =ISNUMBER(PLOs!AP49) | AJ57: =ISTEXT(PLOs!AQ49) | AK57: =ISNUMBER(PLOs!AR49) | AL57: =ISTEXT(PLOs!AS49) | AM57: =ISNUMBER(PLOs!AT49) | AN57: =ISTEXT(PLOs!AU49) | AO57: =ISNUMBER(PLOs!AV49)
F58: =ISTEXT(PLOs!G50) | G58: =ISNUMBER(PLOs!H50) | H58: =ISTEXT(PLOs!I50) | I58: =ISNUMBER(PLOs!J50) | J58: =ISTEXT(PLOs!K50) | K58: =ISNUMBER(PLOs!L50) | L58: =ISTEXT(PLOs!M50) | M58: =ISNUMBER(PLOs!N50) | N58: =ISTEXT(PLOs!Q50) | O58: =ISNUMBER(PLOs!R50) | P58: =ISTEXT(PLOs!S50) | Q58: =ISNUMBER(PLOs!T50) | R58: =ISTEXT(PLOs!U50) | S58: =ISNUMBER(PLOs!V50) | T58: =ISTEXT(PLOs!W50) | U58: =ISNUMBER(PLOs!X50) | V58: =ISTEXT(PLOs!Y50) | W58: =ISNUMBER(PLOs!Z50) | X58: =ISTEXT(PLOs!AA50) | Y58: =ISNUMBER(PLOs!AB50) | Z58: =ISTEXT(PLOs!AG50) | AA58: =ISNUMBER(PLOs!AH50) | AB58: =ISTEXT(PLOs!AI50) | AC58: =ISNUMBER(PLOs!AJ50) | AD58: =ISTEXT(PLOs!AK50) | AE58: =ISNUMBER(PLOs!AL50) | AF58: =ISTEXT(PLOs!AM50) | AG58: =ISNUMBER(PLOs!AN50) | AH58: =ISTEXT(PLOs!AO50) | AI58: =ISNUMBER(PLOs!AP50) | AJ58: =ISTEXT(PLOs!AQ50) | AK58: =ISNUMBER(PLOs!AR50) | AL58: =ISTEXT(PLOs!AS50) | AM58: =ISNUMBER(PLOs!AT50) | AN58: =ISTEXT(PLOs!AU50) | AO58: =ISNUMBER(PLOs!AV50)
F59: =ISTEXT(PLOs!G51) | G59: =ISNUMBER(PLOs!H51) | H59: =ISTEXT(PLOs!I51) | I59: =ISNUMBER(PLOs!J51) | J59: =ISTEXT(PLOs!K51) | K59: =ISNUMBER(PLOs!L51) | L59: =ISTEXT(PLOs!M51) | M59: =ISNUMBER(PLOs!N51) | N59: =ISTEXT(PLOs!AA51) | O59: =ISNUMBER(PLOs!AB51) | P59: =ISTEXT(PLOs!S51) | Q59: =ISNUMBER(PLOs!T51) | R59: =ISTEXT(PLOs!W51) | S59: =ISNUMBER(PLOs!X51) | T59: =ISTEXT(PLOs!#REF!) | U59: =ISNUMBER(PLOs!#REF!) | V59: =ISTEXT(PLOs!Y51) | W59: =ISNUMBER(PLOs!Z51) | X59: =ISTEXT(PLOs!#REF!) | Y59: =ISNUMBER(PLOs!#REF!) | Z59: =ISTEXT(PLOs!AG51) | AA59: =ISNUMBER(PLOs!AH51) | AB59: =ISTEXT(PLOs!AI51) | AC59: =ISNUMBER(PLOs!AJ51) | AD59: =ISTEXT(PLOs!AK51) | AE59: =ISNUMBER(PLOs!AL51) | AF59: =ISTEXT(PLOs!AM51) | AG59: =ISNUMBER(PLOs!AN51) | AH59: =ISTEXT(PLOs!AO51) | AI59: =ISNUMBER(PLOs!AP51) | AJ59: =ISTEXT(PLOs!AQ51) | AK59: =ISNUMBER(PLOs!AR51) | AL59: =ISTEXT(PLOs!AS51) | AM59: =ISNUMBER(PLOs!AT51) | AN59: =ISTEXT(PLOs!AU51) | AO59: =ISNUMBER(PLOs!AV51)
F60: =ISTEXT(PLOs!G52) | G60: =ISNUMBER(PLOs!H52) | H60: =ISTEXT(PLOs!I52) | I60: =ISNUMBER(PLOs!J52) | J60: =ISTEXT(PLOs!K52) | K60: =ISNUMBER(PLOs!L52) | L60: =ISTEXT(PLOs!M52) | M60: =ISNUMBER(PLOs!N52) | N60: =ISTEXT(PLOs!Q52) | O60: =ISNUMBER(PLOs!R52) | P60: =ISTEXT(PLOs!S52) | Q60: =ISNUMBER(PLOs!T52) | R60: =ISTEXT(PLOs!U52) | S60: =ISNUMBER(PLOs!V52) | T60: =ISTEXT(PLOs!W52) | U60: =ISNUMBER(PLOs!X52) | V60: =ISTEXT(PLOs!Y52) | W60: =ISNUMBER(PLOs!Z52) | X60: =ISTEXT(PLOs!AA52) | Y60: =ISNUMBER(PLOs!AB52) | Z60: =ISTEXT(PLOs!AG52) | AA60: =ISNUMBER(PLOs!AH52) | AB60: =ISTEXT(PLOs!AI52) | AC60: =ISNUMBER(PLOs!AJ52) | AD60: =ISTEXT(PLOs!AK52) | AE60: =ISNUMBER(PLOs!AL52) | AF60: =ISTEXT(PLOs!AM52) | AG60: =ISNUMBER(PLOs!AN52) | AH60: =ISTEXT(PLOs!AO52) | AI60: =ISNUMBER(PLOs!AP52) | AJ60: =ISTEXT(PLOs!AQ52) | AK60: =ISNUMBER(PLOs!AR52) | AL60: =ISTEXT(PLOs!AS52) | AM60: =ISNUMBER(PLOs!AT52) | AN60: =ISTEXT(PLOs!AU52) | AO60: =ISNUMBER(PLOs!AV52)
F61: =ISTEXT(PLOs!G53) | G61: =ISNUMBER(PLOs!H53) | H61: =ISTEXT(PLOs!I53) | I61: =ISNUMBER(PLOs!J53) | J61: =ISTEXT(PLOs!K53) | K61: =ISNUMBER(PLOs!L53) | L61: =ISTEXT(PLOs!M53) | M61: =ISNUMBER(PLOs!N53) | N61: =ISTEXT(PLOs!Q53) | O61: =ISNUMBER(PLOs!R53) | P61: =ISTEXT(PLOs!S53) | Q61: =ISNUMBER(PLOs!T53) | R61: =ISTEXT(PLOs!U53) | S61: =ISNUMBER(PLOs!V53) | T61: =ISTEXT(PLOs!W53) | U61: =ISNUMBER(PLOs!X53) | V61: =ISTEXT(PLOs!Y53) | W61: =ISNUMBER(PLOs!Z53) | X61: =ISTEXT(PLOs!AA53) | Y61: =ISNUMBER(PLOs!AB53) | Z61: =ISTEXT(PLOs!AG53) | AA61: =ISNUMBER(PLOs!AH53) | AB61: =ISTEXT(PLOs!AI53) | AC61: =ISNUMBER(PLOs!AJ53) | AD61: =ISTEXT(PLOs!AK53) | AE61: =ISNUMBER(PLOs!AL53) | AF61: =ISTEXT(PLOs!AM53) | AG61: =ISNUMBER(PLOs!AN53) | AH61: =ISTEXT(PLOs!AO53) | AI61: =ISNUMBER(PLOs!AP53) | AJ61: =ISTEXT(PLOs!AQ53) | AK61: =ISNUMBER(PLOs!AR53) | AL61: =ISTEXT(PLOs!AS53) | AM61: =ISNUMBER(PLOs!AT53) | AN61: =ISTEXT(PLOs!AU53) | AO61: =ISNUMBER(PLOs!AV53)
F62: =ISTEXT(PLOs!G54) | G62: =ISNUMBER(PLOs!H54) | H62: =ISTEXT(PLOs!I54) | I62: =ISNUMBER(PLOs!J54) | J62: =ISTEXT(PLOs!K54) | K62: =ISNUMBER(PLOs!L54) | L62: =ISTEXT(PLOs!M54) | M62: =ISNUMBER(PLOs!N54) | N62: =ISTEXT(PLOs!Q54) | O62: =ISNUMBER(PLOs!R54) | P62: =ISTEXT(PLOs!AA54) | Q62: =ISNUMBER(PLOs!AB54) | R62: =ISTEXT(PLOs!W54) | S62: =ISNUMBER(PLOs!X54) | T62: =ISTEXT(PLOs!#REF!) | U62: =ISNUMBER(PLOs!#REF!) | V62: =ISTEXT(PLOs!Y54) | W62: =ISNUMBER(PLOs!Z54) | X62: =ISTEXT(PLOs!#REF!) | Y62: =ISNUMBER(PLOs!#REF!) | Z62: =ISTEXT(PLOs!AG54) | AA62: =ISNUMBER(PLOs!AH54) | AB62: =ISTEXT(PLOs!AI54) | AC62: =ISNUMBER(PLOs!AJ54) | AD62: =ISTEXT(PLOs!AK54) | AE62: =ISNUMBER(PLOs!AL54) | AF62: =ISTEXT(PLOs!AM54) | AG62: =ISNUMBER(PLOs!AN54) | AH62: =ISTEXT(PLOs!AO54) | AI62: =ISNUMBER(PLOs!AP54) | AJ62: =ISTEXT(PLOs!AQ54) | AK62: =ISNUMBER(PLOs!AR54) | AL62: =ISTEXT(PLOs!AS54) | AM62: =ISNUMBER(PLOs!AT54) | AN62: =ISTEXT(PLOs!AU54) | AO62: =ISNUMBER(PLOs!AV54)
F63: =ISTEXT(PLOs!G55) | G63: =ISNUMBER(PLOs!H55) | H63: =ISTEXT(PLOs!I55) | I63: =ISNUMBER(PLOs!J55) | J63: =ISTEXT(PLOs!K55) | K63: =ISNUMBER(PLOs!L55) | L63: =ISTEXT(PLOs!M55) | M63: =ISNUMBER(PLOs!N55) | N63: =ISTEXT(PLOs!Q55) | O63: =ISNUMBER(PLOs!R55) | P63: =ISTEXT(PLOs!S55) | Q63: =ISNUMBER(PLOs!T55) | R63: =ISTEXT(PLOs!U55) | S63: =ISNUMBER(PLOs!V55) | T63: =ISTEXT(PLOs!W55) | U63: =ISNUMBER(PLOs!X55) | V63: =ISTEXT(PLOs!AA55) | W63: =ISNUMBER(PLOs!Z55) | X63: =ISTEXT(PLOs!#REF!) | Y63: =ISNUMBER(PLOs!AB55) | Z63: =ISTEXT(PLOs!AG55) | AA63: =ISNUMBER(PLOs!AH55) | AB63: =ISTEXT(PLOs!AI55) | AC63: =ISNUMBER(PLOs!AJ55) | AD63: =ISTEXT(PLOs!AK55) | AE63: =ISNUMBER(PLOs!AL55) | AF63: =ISTEXT(PLOs!AM55) | AG63: =ISNUMBER(PLOs!AN55) | AH63: =ISTEXT(PLOs!AO55) | AI63: =ISNUMBER(PLOs!AP55) | AJ63: =ISTEXT(PLOs!#REF!) | AK63: =ISNUMBER(PLOs!AQ55) | AL63: =ISTEXT(PLOs!AS55) | AM63: =ISNUMBER(PLOs!AR55) | AN63: =ISTEXT(PLOs!AU55) | AO63: =ISNUMBER(PLOs!AV55)
F64: =ISTEXT(PLOs!G56) | G64: =ISNUMBER(PLOs!H56) | H64: =ISTEXT(PLOs!I56) | I64: =ISNUMBER(PLOs!J56) | J64: =ISTEXT(PLOs!K56) | K64: =ISNUMBER(PLOs!L56) | L64: =ISTEXT(PLOs!M56) | M64: =ISNUMBER(PLOs!N56) | N64: =ISTEXT(PLOs!Q56) | O64: =ISNUMBER(PLOs!R56) | P64: =ISTEXT(PLOs!S56) | Q64: =ISNUMBER(PLOs!T56) | R64: =ISTEXT(PLOs!U56) | S64: =ISNUMBER(PLOs!V56) | T64: =ISTEXT(PLOs!W56) | U64: =ISNUMBER(PLOs!X56) | V64: =ISTEXT(PLOs!Y56) | W64: =ISNUMBER(PLOs!Z56) | X64: =ISTEXT(PLOs!AA56) | Y64: =ISNUMBER(PLOs!AB56) | Z64: =ISTEXT(PLOs!AG56) | AA64: =ISNUMBER(PLOs!AH56) | AB64: =ISTEXT(PLOs!AI56) | AC64: =ISNUMBER(PLOs!AJ56) | AD64: =ISTEXT(PLOs!AK56) | AE64: =ISNUMBER(PLOs!AL56) | AF64: =ISTEXT(PLOs!AM56) | AG64: =ISNUMBER(PLOs!AN56) | AH64: =ISTEXT(PLOs!AO56) | AI64: =ISNUMBER(PLOs!AP56) | AJ64: =ISTEXT(PLOs!AQ56) | AK64: =ISNUMBER(PLOs!AR56) | AL64: =ISTEXT(PLOs!AS56) | AM64: =ISNUMBER(PLOs!AT56) | AN64: =ISTEXT(PLOs!AU56) | AO64: =ISNUMBER(PLOs!AV56)
F65: =ISTEXT(PLOs!G57) | G65: =ISNUMBER(PLOs!H57) | H65: =ISTEXT(PLOs!I57) | I65: =ISNUMBER(PLOs!J57) | J65: =ISTEXT(PLOs!K57) | K65: =ISNUMBER(PLOs!L57) | L65: =ISTEXT(PLOs!M57) | M65: =ISNUMBER(PLOs!N57) | N65: =ISTEXT(PLOs!Q57) | O65: =ISNUMBER(PLOs!R57) | P65: =ISTEXT(PLOs!S57) | Q65: =ISNUMBER(PLOs!T57) | R65: =ISTEXT(PLOs!U57) | S65: =ISNUMBER(PLOs!V57) | T65: =ISTEXT(PLOs!W57) | U65: =ISNUMBER(PLOs!X57) | V65: =ISTEXT(PLOs!Y57) | W65: =ISNUMBER(PLOs!Z57) | X65: =ISTEXT(PLOs!AA57) | Y65: =ISNUMBER(PLOs!AB57) | Z65: =ISTEXT(PLOs!AG57) | AA65: =ISNUMBER(PLOs!AH57) | AB65: =ISTEXT(PLOs!AI57) | AC65: =ISNUMBER(PLOs!AJ57) | AD65: =ISTEXT(PLOs!AK57) | AE65: =ISNUMBER(PLOs!AL57) | AF65: =ISTEXT(PLOs!AM57) | AG65: =ISNUMBER(PLOs!AN57) | AH65: =ISTEXT(PLOs!AO57) | AI65: =ISNUMBER(PLOs!AP57) | AJ65: =ISTEXT(PLOs!AQ57) | AK65: =ISNUMBER(PLOs!AR57) | AL65: =ISTEXT(PLOs!AS57) | AM65: =ISNUMBER(PLOs!AT57) | AN65: =ISTEXT(PLOs!AU57) | AO65: =ISNUMBER(PLOs!AV57)
F66: =ISTEXT(PLOs!G58) | G66: =ISNUMBER(PLOs!H58) | H66: =ISTEXT(PLOs!I58) | I66: =ISNUMBER(PLOs!J58) | J66: =ISTEXT(PLOs!K58) | K66: =ISNUMBER(PLOs!L58) | L66: =ISTEXT(PLOs!M58) | M66: =ISNUMBER(PLOs!N58) | N66: =ISTEXT(PLOs!Q58) | O66: =ISNUMBER(PLOs!R58) | P66: =ISTEXT(PLOs!S58) | Q66: =ISNUMBER(PLOs!T58) | R66: =ISTEXT(PLOs!U58) | S66: =ISNUMBER(PLOs!V58) | T66: =ISTEXT(PLOs!W58) | U66: =ISNUMBER(PLOs!X58) | V66: =ISTEXT(PLOs!Y58) | W66: =ISNUMBER(PLOs!Z58) | X66: =ISTEXT(PLOs!AA58) | Y66: =ISNUMBER(PLOs!AB58) | Z66: =ISTEXT(PLOs!AG58) | AA66: =ISNUMBER(PLOs!AH58) | AB66: =ISTEXT(PLOs!AI58) | AC66: =ISNUMBER(PLOs!AJ58) | AD66: =ISTEXT(PLOs!AK58) | AE66: =ISNUMBER(PLOs!AL58) | AF66: =ISTEXT(PLOs!AM58) | AG66: =ISNUMBER(PLOs!AN58) | AH66: =ISTEXT(PLOs!AO58) | AI66: =ISNUMBER(PLOs!AP58) | AJ66: =ISTEXT(PLOs!AQ58) | AK66: =ISNUMBER(PLOs!AR58) | AL66: =ISTEXT(PLOs!AS58) | AM66: =ISNUMBER(PLOs!AT58) | AN66: =ISTEXT(PLOs!AU58) | AO66: =ISNUMBER(PLOs!AV58)
F67: =ISTEXT(PLOs!G59) | G67: =ISNUMBER(PLOs!H59) | H67: =ISTEXT(PLOs!I59) | I67: =ISNUMBER(PLOs!J59) | J67: =ISTEXT(PLOs!K59) | K67: =ISNUMBER(PLOs!L59) | L67: =ISTEXT(PLOs!M59) | M67: =ISNUMBER(PLOs!N59) | N67: =ISTEXT(PLOs!Q59) | O67: =ISNUMBER(PLOs!R59) | P67: =ISTEXT(PLOs!S59) | Q67: =ISNUMBER(PLOs!T59) | R67: =ISTEXT(PLOs!U59) | S67: =ISNUMBER(PLOs!V59) | T67: =ISTEXT(PLOs!W59) | U67: =ISNUMBER(PLOs!X59) | V67: =ISTEXT(PLOs!Y59) | W67: =ISNUMBER(PLOs!Z59) | X67: =ISTEXT(PLOs!AA59) | Y67: =ISNUMBER(PLOs!AB59) | Z67: =ISTEXT(PLOs!AG59) | AA67: =ISNUMBER(PLOs!AH59) | AB67: =ISTEXT(PLOs!AI59) | AC67: =ISNUMBER(PLOs!AJ59) | AD67: =ISTEXT(PLOs!AK59) | AE67: =ISNUMBER(PLOs!AL59) | AF67: =ISTEXT(PLOs!AM59) | AG67: =ISNUMBER(PLOs!AN59) | AH67: =ISTEXT(PLOs!AO59) | AI67: =ISNUMBER(PLOs!AP59) | AJ67: =ISTEXT(PLOs!AQ59) | AK67: =ISNUMBER(PLOs!AR59) | AL67: =ISTEXT(PLOs!AS59) | AM67: =ISNUMBER(PLOs!AT59) | AN67: =ISTEXT(PLOs!AU59) | AO67: =ISNUMBER(PLOs!AV59)
F68: =ISTEXT(PLOs!G60) | G68: =ISNUMBER(PLOs!H60) | H68: =ISTEXT(PLOs!I60) | I68: =ISNUMBER(PLOs!J60) | J68: =ISTEXT(PLOs!K60) | K68: =ISNUMBER(PLOs!L60) | L68: =ISTEXT(PLOs!M60) | M68: =ISNUMBER(PLOs!N60) | N68: =ISTEXT(PLOs!Q60) | O68: =ISNUMBER(PLOs!R60) | P68: =ISTEXT(PLOs!S60) | Q68: =ISNUMBER(PLOs!T60) | R68: =ISTEXT(PLOs!U60) | S68: =ISNUMBER(PLOs!V60) | T68: =ISTEXT(PLOs!W60) | U68: =ISNUMBER(PLOs!X60) | V68: =ISTEXT(PLOs!Y60) | W68: =ISNUMBER(PLOs!Z60) | X68: =ISTEXT(PLOs!AA60) | Y68: =ISNUMBER(PLOs!AB60) | Z68: =ISTEXT(PLOs!AG60) | AA68: =ISNUMBER(PLOs!AH60) | AB68: =ISTEXT(PLOs!AI60) | AC68: =ISNUMBER(PLOs!AJ60) | AD68: =ISTEXT(PLOs!AK60) | AE68: =ISNUMBER(PLOs!AL60) | AF68: =ISTEXT(PLOs!AM60) | AG68: =ISNUMBER(PLOs!AN60) | AH68: =ISTEXT(PLOs!AO60) | AI68: =ISNUMBER(PLOs!AP60) | AJ68: =ISTEXT(PLOs!AQ60) | AK68: =ISNUMBER(PLOs!AR60) | AL68: =ISTEXT(PLOs!AS60) | AM68: =ISNUMBER(PLOs!AT60) | AN68: =ISTEXT(PLOs!AU60) | AO68: =ISNUMBER(PLOs!AV60)
F69: =ISTEXT(PLOs!G61) | G69: =ISNUMBER(PLOs!H61) | H69: =ISTEXT(PLOs!I61) | I69: =ISNUMBER(PLOs!J61) | J69: =ISTEXT(PLOs!K61) | K69: =ISNUMBER(PLOs!L61) | L69: =ISTEXT(PLOs!M61) | M69: =ISNUMBER(PLOs!N61) | N69: =ISTEXT(PLOs!Q61) | O69: =ISNUMBER(PLOs!R61) | P69: =ISTEXT(PLOs!S61) | Q69: =ISNUMBER(PLOs!T61) | R69: =ISTEXT(PLOs!U61) | S69: =ISNUMBER(PLOs!V61) | T69: =ISTEXT(PLOs!W61) | U69: =ISNUMBER(PLOs!X61) | V69: =ISTEXT(PLOs!Y61) | W69: =ISNUMBER(PLOs!Z61) | X69: =ISTEXT(PLOs!AA61) | Y69: =ISNUMBER(PLOs!AB61) | Z69: =ISTEXT(PLOs!AG61) | AA69: =ISNUMBER(PLOs!AH61) | AB69: =ISTEXT(PLOs!AI61) | AC69: =ISNUMBER(PLOs!AJ61) | AD69: =ISTEXT(PLOs!AK61) | AE69: =ISNUMBER(PLOs!AL61) | AF69: =ISTEXT(PLOs!AM61) | AG69: =ISNUMBER(PLOs!AN61) | AH69: =ISTEXT(PLOs!AO61) | AI69: =ISNUMBER(PLOs!AP61) | AJ69: =ISTEXT(PLOs!AQ61) | AK69: =ISNUMBER(PLOs!AR61) | AL69: =ISTEXT(PLOs!AS61) | AM69: =ISNUMBER(PLOs!AT61) | AN69: =ISTEXT(PLOs!AU61) | AO69: =ISNUMBER(PLOs!AV61)
F70: =ISTEXT(PLOs!G62) | G70: =ISNUMBER(PLOs!H62) | H70: =ISTEXT(PLOs!I62) | I70: =ISNUMBER(PLOs!J62) | J70: =ISTEXT(PLOs!K62) | K70: =ISNUMBER(PLOs!L62) | L70: =ISTEXT(PLOs!M62) | M70: =ISNUMBER(PLOs!N62) | N70: =ISTEXT(PLOs!Q62) | O70: =ISNUMBER(PLOs!R62) | P70: =ISTEXT(PLOs!S62) | Q70: =ISNUMBER(PLOs!T62) | R70: =ISTEXT(PLOs!U62) | S70: =ISNUMBER(PLOs!V62) | T70: =ISTEXT(PLOs!W62) | U70: =ISNUMBER(PLOs!X62) | V70: =ISTEXT(PLOs!Y62) | W70: =ISNUMBER(PLOs!Z62) | X70: =ISTEXT(PLOs!AA62) | Y70: =ISNUMBER(PLOs!AB62) | Z70: =ISTEXT(PLOs!AG62) | AA70: =ISNUMBER(PLOs!AH62) | AB70: =ISTEXT(PLOs!AI62) | AC70: =ISNUMBER(PLOs!AJ62) | AD70: =ISTEXT(PLOs!AK62) | AE70: =ISNUMBER(PLOs!AL62) | AF70: =ISTEXT(PLOs!AM62) | AG70: =ISNUMBER(PLOs!AN62) | AH70: =ISTEXT(PLOs!AO62) | AI70: =ISNUMBER(PLOs!AP62) | AJ70: =ISTEXT(PLOs!AQ62) | AK70: =ISNUMBER(PLOs!AR62) | AL70: =ISTEXT(PLOs!AS62) | AM70: =ISNUMBER(PLOs!AT62) | AN70: =ISTEXT(PLOs!AU62) | AO70: =ISNUMBER(PLOs!AV62)
F71: =ISTEXT(PLOs!G63) | G71: =ISNUMBER(PLOs!H63) | H71: =ISTEXT(PLOs!I63) | I71: =ISNUMBER(PLOs!J63) | J71: =ISTEXT(PLOs!K63) | K71: =ISNUMBER(PLOs!L63) | L71: =ISTEXT(PLOs!M63) | M71: =ISNUMBER(PLOs!N63) | N71: =ISTEXT(PLOs!Q63) | O71: =ISNUMBER(PLOs!R63) | P71: =ISTEXT(PLOs!S63) | Q71: =ISNUMBER(PLOs!T63) | R71: =ISTEXT(PLOs!U63) | S71: =ISNUMBER(PLOs!V63) | T71: =ISTEXT(PLOs!W63) | U71: =ISNUMBER(PLOs!X63) | V71: =ISTEXT(PLOs!Y63) | W71: =ISNUMBER(PLOs!Z63) | X71: =ISTEXT(PLOs!AA63) | Y71: =ISNUMBER(PLOs!AB63) | Z71: =ISTEXT(PLOs!AG63) | AA71: =ISNUMBER(PLOs!AH63) | AB71: =ISTEXT(PLOs!AI63) | AC71: =ISNUMBER(PLOs!AJ63) | AD71: =ISTEXT(PLOs!AK63) | AE71: =ISNUMBER(PLOs!AL63) | AF71: =ISTEXT(PLOs!AM63) | AG71: =ISNUMBER(PLOs!AN63) | AH71: =ISTEXT(PLOs!AO63) | AI71: =ISNUMBER(PLOs!AP63) | AJ71: =ISTEXT(PLOs!AQ63) | AK71: =ISNUMBER(PLOs!AR63) | AL71: =ISTEXT(PLOs!AS63) | AM71: =ISNUMBER(PLOs!AT63) | AN71: =ISTEXT(PLOs!AU63) | AO71: =ISNUMBER(PLOs!AV63)
F72: =ISTEXT(PLOs!G64) | G72: =ISNUMBER(PLOs!H64) | H72: =ISTEXT(PLOs!I64) | I72: =ISNUMBER(PLOs!J64) | J72: =ISTEXT(PLOs!K64) | K72: =ISNUMBER(PLOs!L64) | L72: =ISTEXT(PLOs!M64) | M72: =ISNUMBER(PLOs!N64) | N72: =ISTEXT(PLOs!Q64) | O72: =ISNUMBER(PLOs!R64) | P72: =ISTEXT(PLOs!S64) | Q72: =ISNUMBER(PLOs!T64) | R72: =ISTEXT(PLOs!U64) | S72: =ISNUMBER(PLOs!V64) | T72: =ISTEXT(PLOs!W64) | U72: =ISNUMBER(PLOs!X64) | V72: =ISTEXT(PLOs!Y64) | W72: =ISNUMBER(PLOs!Z64) | X72: =ISTEXT(PLOs!AA64) | Y72: =ISNUMBER(PLOs!AB64) | Z72: =ISTEXT(PLOs!AG64) | AA72: =ISNUMBER(PLOs!AH64) | AB72: =ISTEXT(PLOs!AI64) | AC72: =ISNUMBER(PLOs!AJ64) | AD72: =ISTEXT(PLOs!AK64) | AE72: =ISNUMBER(PLOs!AL64) | AF72: =ISTEXT(PLOs!AM64) | AG72: =ISNUMBER(PLOs!AN64) | AH72: =ISTEXT(PLOs!AO64) | AI72: =ISNUMBER(PLOs!AP64) | AJ72: =ISTEXT(PLOs!AQ64) | AK72: =ISNUMBER(PLOs!AR64) | AL72: =ISTEXT(PLOs!AS64) | AM72: =ISNUMBER(PLOs!AT64) | AN72: =ISTEXT(PLOs!AU64) | AO72: =ISNUMBER(PLOs!AV64)
F73: =ISTEXT(PLOs!G65) | G73: =ISNUMBER(PLOs!H65) | H73: =ISTEXT(PLOs!I65) | I73: =ISNUMBER(PLOs!J65) | J73: =ISTEXT(PLOs!K65) | K73: =ISNUMBER(PLOs!L65) | L73: =ISTEXT(PLOs!M65) | M73: =ISNUMBER(PLOs!N65) | N73: =ISTEXT(PLOs!Q65) | O73: =ISNUMBER(PLOs!R65) | P73: =ISTEXT(PLOs!S65) | Q73: =ISNUMBER(PLOs!T65) | R73: =ISTEXT(PLOs!U65) | S73: =ISNUMBER(PLOs!V65) | T73: =ISTEXT(PLOs!W65) | U73: =ISNUMBER(PLOs!X65) | V73: =ISTEXT(PLOs!Y65) | W73: =ISNUMBER(PLOs!Z65) | X73: =ISTEXT(PLOs!AA65) | Y73: =ISNUMBER(PLOs!AB65) | Z73: =ISTEXT(PLOs!AG65) | AA73: =ISNUMBER(PLOs!AH65) | AB73: =ISTEXT(PLOs!AI65) | AC73: =ISNUMBER(PLOs!AJ65) | AD73: =ISTEXT(PLOs!AK65) | AE73: =ISNUMBER(PLOs!AL65) | AF73: =ISTEXT(PLOs!AM65) | AG73: =ISNUMBER(PLOs!AN65) | AH73: =ISTEXT(PLOs!AO65) | AI73: =ISNUMBER(PLOs!AP65) | AJ73: =ISTEXT(PLOs!AQ65) | AK73: =ISNUMBER(PLOs!AR65) | AL73: =ISTEXT(PLOs!AS65) | AM73: =ISNUMBER(PLOs!AT65) | AN73: =ISTEXT(PLOs!AU65) | AO73: =ISNUMBER(PLOs!AV65)
F74: =ISTEXT(PLOs!G66) | G74: =ISNUMBER(PLOs!H66) | H74: =ISTEXT(PLOs!I66) | I74: =ISNUMBER(PLOs!J66) | J74: =ISTEXT(PLOs!K66) | K74: =ISNUMBER(PLOs!L66) | L74: =ISTEXT(PLOs!M66) | M74: =ISNUMBER(PLOs!N66) | N74: =ISTEXT(PLOs!Q66) | O74: =ISNUMBER(PLOs!R66) | P74: =ISTEXT(PLOs!S66) | Q74: =ISNUMBER(PLOs!T66) | R74: =ISTEXT(PLOs!U66) | S74: =ISNUMBER(PLOs!V66) | T74: =ISTEXT(PLOs!W66) | U74: =ISNUMBER(PLOs!X66) | V74: =ISTEXT(PLOs!Y66) | W74: =ISNUMBER(PLOs!Z66) | X74: =ISTEXT(PLOs!AA66) | Y74: =ISNUMBER(PLOs!AB66) | Z74: =ISTEXT(PLOs!AG66) | AA74: =ISNUMBER(PLOs!AH66) | AB74: =ISTEXT(PLOs!AI66) | AC74: =ISNUMBER(PLOs!AJ66) | AD74: =ISTEXT(PLOs!AK66) | AE74: =ISNUMBER(PLOs!AL66) | AF74: =ISTEXT(PLOs!AM66) | AG74: =ISNUMBER(PLOs!AN66) | AH74: =ISTEXT(PLOs!AO66) | AI74: =ISNUMBER(PLOs!AP66) | AJ74: =ISTEXT(PLOs!AQ66) | AK74: =ISNUMBER(PLOs!AR66) | AL74: =ISTEXT(PLOs!AS66) | AM74: =ISNUMBER(PLOs!AT66) | AN74: =ISTEXT(PLOs!AU66) | AO74: =ISNUMBER(PLOs!AV66)
F75: =ISTEXT(PLOs!G67) | G75: =ISNUMBER(PLOs!H67) | H75: =ISTEXT(PLOs!I67) | I75: =ISNUMBER(PLOs!J67) | J75: =ISTEXT(PLOs!K67) | K75: =ISNUMBER(PLOs!L67) | L75: =ISTEXT(PLOs!M67) | M75: =ISNUMBER(PLOs!N67) | N75: =ISTEXT(PLOs!Q67) | O75: =ISNUMBER(PLOs!R67) | P75: =ISTEXT(PLOs!S67) | Q75: =ISNUMBER(PLOs!T67) | R75: =ISTEXT(PLOs!U67) | S75: =ISNUMBER(PLOs!V67) | T75: =ISTEXT(PLOs!W67) | U75: =ISNUMBER(PLOs!X67) | V75: =ISTEXT(PLOs!Y67) | W75: =ISNUMBER(PLOs!Z67) | X75: =ISTEXT(PLOs!AA67) | Y75: =ISNUMBER(PLOs!AB67) | Z75: =ISTEXT(PLOs!AG67) | AA75: =ISNUMBER(PLOs!AH67) | AB75: =ISTEXT(PLOs!AI67) | AC75: =ISNUMBER(PLOs!AJ67) | AD75: =ISTEXT(PLOs!AK67) | AE75: =ISNUMBER(PLOs!AL67) | AF75: =ISTEXT(PLOs!AM67) | AG75: =ISNUMBER(PLOs!AN67) | AH75: =ISTEXT(PLOs!AO67) | AI75: =ISNUMBER(PLOs!AP67) | AJ75: =ISTEXT(PLOs!AQ67) | AK75: =ISNUMBER(PLOs!AR67) | AL75: =ISTEXT(PLOs!AS67) | AM75: =ISNUMBER(PLOs!AT67) | AN75: =ISTEXT(PLOs!AU67) | AO75: =ISNUMBER(PLOs!AV67)
... F90: =ISTEXT(PLOs!G82) | G90: =ISNUMBER(PLOs!H82) | H90: =ISTEXT(PLOs!I82) | I90: =ISNUMBER(PLOs!J82) | J90: =ISTEXT(PLOs!K82) | K90: =ISNUMBER(PLOs!L82) | L90: =ISTEXT(PLOs!M82) | M90: =ISNUMBER(PLOs!N82) | N90: =ISTEXT(PLOs!Q82) | O90: =ISNUMBER(PLOs!R82) | P90: =ISTEXT(PLOs!S82) | Q90: =ISNUMBER(PLOs!T82) | R90: =ISTEXT(PLOs!U82) | S90: =ISNUMBER(PLOs!V82) | T90: =ISTEXT(PLOs!W82) | U90: =ISNUMBER(PLOs!X82) | V90: =ISTEXT(PLOs!Y82) | W90: =ISNUMBER(PLOs!Z82) | X90: =ISTEXT(PLOs!AA82) | Y90: =ISNUMBER(PLOs!AB82) | Z90: =ISTEXT(PLOs!AG82) | AA90: =ISNUMBER(PLOs!AH82) | AB90: =ISTEXT(PLOs!AI82) | AC90: =ISNUMBER(PLOs!AJ82) | AD90: =ISTEXT(PLOs!AK82) | AE90: =ISNUMBER(PLOs!AL82) | AF90: =ISTEXT(PLOs!AM82) | AG90: =ISNUMBER(PLOs!AN82) | AH90: =ISTEXT(PLOs!AO82) | AI90: =ISNUMBER(PLOs!AP82) | AJ90: =ISTEXT(PLOs!AQ82) | AK90: =ISNUMBER(PLOs!AR82) | AL90: =ISTEXT(PLOs!AS82) | AM90: =ISNUMBER(PLOs!AT82) | AN90: =ISTEXT(PLOs!AU82) | AO90: =ISNUMBER(PLOs!AV82)
F91: =ISTEXT(PLOs!#REF!) | G91: =ISNUMBER(PLOs!#REF!) | H91: =ISTEXT(PLOs!#REF!) | I91: =ISNUMBER(PLOs!#REF!) | J91: =ISTEXT(PLOs!#REF!) | K91: =ISNUMBER(PLOs!#REF!) | L91: =ISTEXT(PLOs!#REF!) | M91: =ISNUMBER(PLOs!#REF!) | N91: =ISTEXT(PLOs!#REF!) | O91: =ISNUMBER(PLOs!#REF!) | P91: =ISTEXT(PLOs!#REF!) | Q91: =ISNUMBER(PLOs!#REF!) | R91: =ISTEXT(PLOs!#REF!) | S91: =ISNUMBER(PLOs!#REF!) | T91: =ISTEXT(PLOs!#REF!) | U91: =ISNUMBER(PLOs!#REF!) | V91: =ISTEXT(PLOs!#REF!) | W91: =ISNUMBER(PLOs!#REF!) | X91: =ISTEXT(PLOs!#REF!) | Y91: =ISNUMBER(PLOs!#REF!) | Z91: =ISTEXT(PLOs!#REF!) | AA91: =ISNUMBER(PLOs!#REF!) | AB91: =ISTEXT(PLOs!#REF!) | AC91: =ISNUMBER(PLOs!#REF!) | AD91: =ISTEXT(PLOs!#REF!) | AE91: =ISNUMBER(PLOs!#REF!) | AF91: =ISTEXT(PLOs!#REF!) | AG91: =ISNUMBER(PLOs!#REF!) | AH91: =ISTEXT(PLOs!#REF!) | AI91: =ISNUMBER(PLOs!#REF!) | AJ91: =ISTEXT(PLOs!#REF!) | AK91: =ISNUMBER(PLOs!#REF!) | AL91: =ISTEXT(PLOs!#REF!) | AM91: =ISNUMBER(PLOs!#REF!) | AN91: =ISTEXT(PLOs!#REF!) | AO91: =ISNUMBER(PLOs!AV83)
F92: =ISTEXT(PLOs!G83) | G92: =ISNUMBER(PLOs!H83) | H92: =ISTEXT(PLOs!I83) | I92: =ISNUMBER(PLOs!J83) | J92: =ISTEXT(PLOs!K83) | K92: =ISNUMBER(PLOs!L83) | L92: =ISTEXT(PLOs!M83) | M92: =ISNUMBER(PLOs!N83) | N92: =ISTEXT(PLOs!Q83) | O92: =ISNUMBER(PLOs!R83) | P92: =ISTEXT(PLOs!S83) | Q92: =ISNUMBER(PLOs!T83) | R92: =ISTEXT(PLOs!Y83) | S92: =ISNUMBER(PLOs!Z83) | T92: =ISTEXT(PLOs!W83) | U92: =ISNUMBER(PLOs!X83) | V92: =ISTEXT(PLOs!#REF!) | W92: =ISNUMBER(PLOs!#REF!) | X92: =ISTEXT(PLOs!AA83) | Y92: =ISNUMBER(PLOs!AB83) | Z92: =ISTEXT(PLOs!AG83) | AA92: =ISNUMBER(PLOs!AH83) | AB92: =ISTEXT(PLOs!AI83) | AC92: =ISNUMBER(PLOs!AJ83) | AD92: =ISTEXT(PLOs!#REF!) | AE92: =ISNUMBER(PLOs!#REF!) | AF92: =ISTEXT(PLOs!AM83) | AG92: =ISNUMBER(PLOs!AN83) | AH92: =ISTEXT(PLOs!AK83) | AI92: =ISNUMBER(PLOs!AL83) | AJ92: =ISTEXT(PLOs!AQ83) | AK92: =ISNUMBER(PLOs!AR83) | AL92: =ISTEXT(PLOs!AS83) | AM92: =ISNUMBER(PLOs!AT83) | AN92: =ISTEXT(PLOs!AU83) | AO92: =ISNUMBER(PLOs!AV84)
F93: =ISTEXT(PLOs!G85) | G93: =ISNUMBER(PLOs!H85) | H93: =ISTEXT(PLOs!I85) | I93: =ISNUMBER(PLOs!J85) | J93: =ISTEXT(PLOs!K85) | K93: =ISNUMBER(PLOs!L85) | L93: =ISTEXT(PLOs!M85) | M93: =ISNUMBER(PLOs!N85) | N93: =ISTEXT(PLOs!Q85) | O93: =ISNUMBER(PLOs!R85) | P93: =ISTEXT(PLOs!S85) | Q93: =ISNUMBER(PLOs!T85) | R93: =ISTEXT(PLOs!U85) | S93: =ISNUMBER(PLOs!V85) | T93: =ISTEXT(PLOs!W85) | U93: =ISNUMBER(PLOs!X85) | V93: =ISTEXT(PLOs!Y85) | W93: =ISNUMBER(PLOs!Z85) | X93: =ISTEXT(PLOs!AA85) | Y93: =ISNUMBER(PLOs!AB85) | Z93: =ISTEXT(PLOs!AG85) | AA93: =ISNUMBER(PLOs!AH85) | AB93: =ISTEXT(PLOs!AI85) | AC93: =ISNUMBER(PLOs!AJ85) | AD93: =ISTEXT(PLOs!AK85) | AE93: =ISNUMBER(PLOs!AL85) | AF93: =ISTEXT(PLOs!AM85) | AG93: =ISNUMBER(PLOs!AN85) | AH93: =ISTEXT(PLOs!AO85) | AI93: =ISNUMBER(PLOs!AP85) | AJ93: =ISTEXT(PLOs!AQ85) | AK93: =ISNUMBER(PLOs!AR85) | AL93: =ISTEXT(PLOs!AS85) | AM93: =ISNUMBER(PLOs!AT85) | AN93: =ISTEXT(PLOs!AU85) | AO93: =ISNUMBER(PLOs!AV85)
F94: =ISTEXT(PLOs!G86) | G94: =ISNUMBER(PLOs!H86) | H94: =ISTEXT(PLOs!I86) | I94: =ISNUMBER(PLOs!J86) | J94: =ISTEXT(PLOs!K86) | K94: =ISNUMBER(PLOs!L86) | L94: =ISTEXT(PLOs!M86) | M94: =ISNUMBER(PLOs!N86) | N94: =ISTEXT(PLOs!Q86) | O94: =ISNUMBER(PLOs!R86) | P94: =ISTEXT(PLOs!S86) | Q94: =ISNUMBER(PLOs!T86) | R94: =ISTEXT(PLOs!U86) | S94: =ISNUMBER(PLOs!V86) | T94: =ISTEXT(PLOs!W86) | U94: =ISNUMBER(PLOs!X86) | V94: =ISTEXT(PLOs!Y86) | W94: =ISNUMBER(PLOs!Z86) | X94: =ISTEXT(PLOs!AA86) | Y94: =ISNUMBER(PLOs!AB86) | Z94: =ISTEXT(PLOs!AG86) | AA94: =ISNUMBER(PLOs!AH86) | AB94: =ISTEXT(PLOs!AI86) | AC94: =ISNUMBER(PLOs!AJ86) | AD94: =ISTEXT(PLOs!AK86) | AE94: =ISNUMBER(PLOs!AL86) | AF94: =ISTEXT(PLOs!AM86) | AG94: =ISNUMBER(PLOs!AN86) | AH94: =ISTEXT(PLOs!AO86) | AI94: =ISNUMBER(PLOs!AP86) | AJ94: =ISTEXT(PLOs!AQ86) | AK94: =ISNUMBER(PLOs!AR86) | AL94: =ISTEXT(PLOs!AS86) | AM94: =ISNUMBER(PLOs!AT86) | AN94: =ISTEXT(PLOs!AU86) | AO94: =ISNUMBER(PLOs!AV86)
F95: =ISTEXT(PLOs!G87) | G95: =ISNUMBER(PLOs!H87) | H95: =ISTEXT(PLOs!I87) | I95: =ISNUMBER(PLOs!J87) | J95: =ISTEXT(PLOs!K87) | K95: =ISNUMBER(PLOs!L87) | L95: =ISTEXT(PLOs!M87) | M95: =ISNUMBER(PLOs!N87) | N95: =ISTEXT(PLOs!Q87) | O95: =ISNUMBER(PLOs!R87) | P95: =ISTEXT(PLOs!S87) | Q95: =ISNUMBER(PLOs!T87) | R95: =ISTEXT(PLOs!U87) | S95: =ISNUMBER(PLOs!V87) | T95: =ISTEXT(PLOs!W87) | U95: =ISNUMBER(PLOs!X87) | V95: =ISTEXT(PLOs!Y87) | W95: =ISNUMBER(PLOs!Z87) | X95: =ISTEXT(PLOs!AA87) | Y95: =ISNUMBER(PLOs!AB87) | Z95: =ISTEXT(PLOs!AG87) | AA95: =ISNUMBER(PLOs!AH87) | AB95: =ISTEXT(PLOs!AI87) | AC95: =ISNUMBER(PLOs!AJ87) | AD95: =ISTEXT(PLOs!AK87) | AE95: =ISNUMBER(PLOs!AL87) | AF95: =ISTEXT(PLOs!AM87) | AG95: =ISNUMBER(PLOs!AN87) | AH95: =ISTEXT(PLOs!AO87) | AI95: =ISNUMBER(PLOs!AP87) | AJ95: =ISTEXT(PLOs!AQ87) | AK95: =ISNUMBER(PLOs!AR87) | AL95: =ISTEXT(PLOs!AS87) | AM95: =ISNUMBER(PLOs!AT87) | AN95: =ISTEXT(PLOs!AU87) | AO95: =ISNUMBER(PLOs!AV87)
F96: =ISTEXT(PLOs!G88) | G96: =ISNUMBER(PLOs!H88) | H96: =ISTEXT(PLOs!I88) | I96: =ISNUMBER(PLOs!J88) | J96: =ISTEXT(PLOs!K88) | K96: =ISNUMBER(PLOs!L88) | L96: =ISTEXT(PLOs!M88) | M96: =ISNUMBER(PLOs!N88) | N96: =ISTEXT(PLOs!Q88) | O96: =ISNUMBER(PLOs!R88) | P96: =ISTEXT(PLOs!S88) | Q96: =ISNUMBER(PLOs!T88) | R96: =ISTEXT(PLOs!U88) | S96: =ISNUMBER(PLOs!V88) | T96: =ISTEXT(PLOs!W88) | U96: =ISNUMBER(PLOs!X88) | V96: =ISTEXT(PLOs!Y88) | W96: =ISNUMBER(PLOs!Z88) | X96: =ISTEXT(PLOs!AA88) | Y96: =ISNUMBER(PLOs!AB88) | Z96: =ISTEXT(PLOs!AG88) | AA96: =ISNUMBER(PLOs!AH88) | AB96: =ISTEXT(PLOs!AI88) | AC96: =ISNUMBER(PLOs!AJ88) | AD96: =ISTEXT(PLOs!AK88) | AE96: =ISNUMBER(PLOs!AL88) | AF96: =ISTEXT(PLOs!AM88) | AG96: =ISNUMBER(PLOs!AN88) | AH96: =ISTEXT(PLOs!AO88) | AI96: =ISNUMBER(PLOs!AP88) | AJ96: =ISTEXT(PLOs!AQ88) | AK96: =ISNUMBER(PLOs!AR88) | AL96: =ISTEXT(PLOs!AS88) | AM96: =ISNUMBER(PLOs!AT88) | AN96: =ISTEXT(PLOs!AU88) | AO96: =ISNUMBER(PLOs!AV88)
F97: =ISTEXT(PLOs!G89) | G97: =ISNUMBER(PLOs!H89) | H97: =ISTEXT(PLOs!I89) | I97: =ISNUMBER(PLOs!J89) | J97: =ISTEXT(PLOs!K89) | K97: =ISNUMBER(PLOs!L89) | L97: =ISTEXT(PLOs!M89) | M97: =ISNUMBER(PLOs!N89) | N97: =ISTEXT(PLOs!Q89) | O97: =ISNUMBER(PLOs!R89) | P97: =ISTEXT(PLOs!S89) | Q97: =ISNUMBER(PLOs!T89) | R97: =ISTEXT(PLOs!U89) | S97: =ISNUMBER(PLOs!V89) | T97: =ISTEXT(PLOs!W89) | U97: =ISNUMBER(PLOs!X89) | V97: =ISTEXT(PLOs!Y89) | W97: =ISNUMBER(PLOs!Z89) | X97: =ISTEXT(PLOs!AA89) | Y97: =ISNUMBER(PLOs!AB89) | Z97: =ISTEXT(PLOs!AG89) | AA97: =ISNUMBER(PLOs!AH89) | AB97: =ISTEXT(PLOs!AI89) | AC97: =ISNUMBER(PLOs!AJ89) | AD97: =ISTEXT(PLOs!AK89) | AE97: =ISNUMBER(PLOs!AL89) | AF97: =ISTEXT(PLOs!AM89) | AG97: =ISNUMBER(PLOs!AN89) | AH97: =ISTEXT(PLOs!AO89) | AI97: =ISNUMBER(PLOs!AP89) | AJ97: =ISTEXT(PLOs!AQ89) | AK97: =ISNUMBER(PLOs!AR89) | AL97: =ISTEXT(PLOs!AS89) | AM97: =ISNUMBER(PLOs!AT89) | AN97: =ISTEXT(PLOs!AU89) | AO97: =ISNUMBER(PLOs!AV89)
F98: =ISTEXT(PLOs!G90) | G98: =ISNUMBER(PLOs!H90) | H98: =ISTEXT(PLOs!I90) | I98: =ISNUMBER(PLOs!J90) | J98: =ISTEXT(PLOs!K90) | K98: =ISNUMBER(PLOs!L90) | L98: =ISTEXT(PLOs!M90) | M98: =ISNUMBER(PLOs!N90) | N98: =ISTEXT(PLOs!Q90) | O98: =ISNUMBER(PLOs!R90) | P98: =ISTEXT(PLOs!S90) | Q98: =ISNUMBER(PLOs!T90) | R98: =ISTEXT(PLOs!U90) | S98: =ISNUMBER(PLOs!V90) | T98: =ISTEXT(PLOs!W90) | U98: =ISNUMBER(PLOs!X90) | V98: =ISTEXT(PLOs!Y90) | W98: =ISNUMBER(PLOs!Z90) | X98: =ISTEXT(PLOs!AA90) | Y98: =ISNUMBER(PLOs!AB90) | Z98: =ISTEXT(PLOs!AG90) | AA98: =ISNUMBER(PLOs!AH90) | AB98: =ISTEXT(PLOs!AI90) | AC98: =ISNUMBER(PLOs!AJ90) | AD98: =ISTEXT(PLOs!AK90) | AE98: =ISNUMBER(PLOs!AL90) | AF98: =ISTEXT(PLOs!AM90) | AG98: =ISNUMBER(PLOs!AN90) | AH98: =ISTEXT(PLOs!AO90) | AI98: =ISNUMBER(PLOs!AP90) | AJ98: =ISTEXT(PLOs!AQ90) | AK98: =ISNUMBER(PLOs!AR90) | AL98: =ISTEXT(PLOs!AS90) | AM98: =ISNUMBER(PLOs!AT90) | AN98: =ISTEXT(PLOs!AU90) | AO98: =ISNUMBER(PLOs!AV90)
F99: =ISTEXT(PLOs!G91) | G99: =ISNUMBER(PLOs!H91) | H99: =ISTEXT(PLOs!I91) | I99: =ISNUMBER(PLOs!J91) | J99: =ISTEXT(PLOs!K91) | K99: =ISNUMBER(PLOs!L91) | L99: =ISTEXT(PLOs!M91) | M99: =ISNUMBER(PLOs!N91) | N99: =ISTEXT(PLOs!Q91) | O99: =ISNUMBER(PLOs!R91) | P99: =ISTEXT(PLOs!S91) | Q99: =ISNUMBER(PLOs!T91) | R99: =ISTEXT(PLOs!U91) | S99: =ISNUMBER(PLOs!V91) | T99: =ISTEXT(PLOs!W91) | U99: =ISNUMBER(PLOs!X91) | V99: =ISTEXT(PLOs!Y91) | W99: =ISNUMBER(PLOs!Z91) | X99: =ISTEXT(PLOs!AA91) | Y99: =ISNUMBER(PLOs!AB91) | Z99: =ISTEXT(PLOs!AG91) | AA99: =ISNUMBER(PLOs!AH91) | AB99: =ISTEXT(PLOs!AI91) | AC99: =ISNUMBER(PLOs!AJ91) | AD99: =ISTEXT(PLOs!AK91) | AE99: =ISNUMBER(PLOs!AL91) | AF99: =ISTEXT(PLOs!AM91) | AG99: =ISNUMBER(PLOs!AN91) | AH99: =ISTEXT(PLOs!AO91) | AI99: =ISNUMBER(PLOs!AP91) | AJ99: =ISTEXT(PLOs!AQ91) | AK99: =ISNUMBER(PLOs!AR91) | AL99: =ISTEXT(PLOs!AS91) | AM99: =ISNUMBER(PLOs!AT91) | AN99: =ISTEXT(PLOs!AU91) | AO99: =ISNUMBER(PLOs!AV91)
F100: =ISTEXT(PLOs!G92) | G100: =ISNUMBER(PLOs!H92) | H100: =ISTEXT(PLOs!I92) | I100: =ISNUMBER(PLOs!#REF!) | J100: =ISTEXT(PLOs!K92) | K100: =ISNUMBER(PLOs!L92) | L100: =ISTEXT(PLOs!M92) | M100: =ISNUMBER(PLOs!N92) | N100: =ISTEXT(PLOs!Q92) | O100: =ISNUMBER(PLOs!R92) | P100: =ISTEXT(PLOs!S92) | Q100: =ISNUMBER(PLOs!T92) | R100: =ISTEXT(PLOs!U92) | S100: =ISNUMBER(PLOs!V92) | T100: =ISTEXT(PLOs!W92) | U100: =ISNUMBER(PLOs!X92) | V100: =ISTEXT(PLOs!Y92) | W100: =ISNUMBER(PLOs!Z92) | X100: =ISTEXT(PLOs!AA92) | Y100: =ISNUMBER(PLOs!AB92) | Z100: =ISTEXT(PLOs!AG92) | AA100: =ISNUMBER(PLOs!AH92) | AB100: =ISTEXT(PLOs!AI92) | AC100: =ISNUMBER(PLOs!AJ92) | AD100: =ISTEXT(PLOs!AK92) | AE100: =ISNUMBER(PLOs!AL92) | AF100: =ISTEXT(PLOs!AM92) | AG100: =ISNUMBER(PLOs!AN92) | AH100: =ISTEXT(PLOs!AO92) | AI100: =ISNUMBER(PLOs!AP92) | AJ100: =ISTEXT(PLOs!AQ92) | AK100: =ISNUMBER(PLOs!AR92) | AL100: =ISTEXT(PLOs!AS92) | AM100: =ISNUMBER(PLOs!AT92) | AN100: =ISTEXT(PLOs!AU92) | AO100: =ISNUMBER(PLOs!AV92)
F101: =ISTEXT(PLOs!G93) | G101: =ISNUMBER(PLOs!H93) | H101: =ISTEXT(PLOs!I93) | I101: =ISNUMBER(PLOs!J92) | J101: =ISTEXT(PLOs!K93) | K101: =ISNUMBER(PLOs!L93) | L101: =ISTEXT(PLOs!M93) | M101: =ISNUMBER(PLOs!N93) | N101: =ISTEXT(PLOs!Q93) | O101: =ISNUMBER(PLOs!R93) | P101: =ISTEXT(PLOs!S93) | Q101: =ISNUMBER(PLOs!T93) | R101: =ISTEXT(PLOs!U93) | S101: =ISNUMBER(PLOs!V93) | T101: =ISTEXT(PLOs!W93) | U101: =ISNUMBER(PLOs!X93) | V101: =ISTEXT(PLOs!Y93) | W101: =ISNUMBER(PLOs!Z93) | X101: =ISTEXT(PLOs!AA93) | Y101: =ISNUMBER(PLOs!AB93) | Z101: =ISTEXT(PLOs!AG93) | AA101: =ISNUMBER(PLOs!AH93) | AB101: =ISTEXT(PLOs!AI93) | AC101: =ISNUMBER(PLOs!AJ93) | AD101: =ISTEXT(PLOs!AK93) | AE101: =ISNUMBER(PLOs!AL93) | AF101: =ISTEXT(PLOs!AM93) | AG101: =ISNUMBER(PLOs!AN93) | AH101: =ISTEXT(PLOs!AO93) | AI101: =ISNUMBER(PLOs!AP93) | AJ101: =ISTEXT(PLOs!AQ93) | AK101: =ISNUMBER(PLOs!AR93) | AL101: =ISTEXT(PLOs!AS93) | AM101: =ISNUMBER(PLOs!AT93) | AN101: =ISTEXT(PLOs!AU93) | AO101: =ISNUMBER(PLOs!AV93)
F102: =ISTEXT(PLOs!G94) | G102: =ISNUMBER(PLOs!H94) | H102: =ISTEXT(PLOs!I94) | I102: =ISNUMBER(PLOs!J93) | J102: =ISTEXT(PLOs!K94) | K102: =ISNUMBER(PLOs!L94) | L102: =ISTEXT(PLOs!M94) | M102: =ISNUMBER(PLOs!N94) | N102: =ISTEXT(PLOs!Q94) | O102: =ISNUMBER(PLOs!R94) | P102: =ISTEXT(PLOs!S94) | Q102: =ISNUMBER(PLOs!T94) | R102: =ISTEXT(PLOs!U94) | S102: =ISNUMBER(PLOs!V94) | T102: =ISTEXT(PLOs!W94) | U102: =ISNUMBER(PLOs!X94) | V102: =ISTEXT(PLOs!Y94) | W102: =ISNUMBER(PLOs!Z94) | X102: =ISTEXT(PLOs!AA94) | Y102: =ISNUMBER(PLOs!AB94) | Z102: =ISTEXT(PLOs!AG94) | AA102: =ISNUMBER(PLOs!AH94) | AB102: =ISTEXT(PLOs!AI94) | AC102: =ISNUMBER(PLOs!AJ94) | AD102: =ISTEXT(PLOs!AK94) | AE102: =ISNUMBER(PLOs!AL94) | AF102: =ISTEXT(PLOs!AM94) | AG102: =ISNUMBER(PLOs!AN94) | AH102: =ISTEXT(PLOs!AO94) | AI102: =ISNUMBER(PLOs!AP94) | AJ102: =ISTEXT(PLOs!AQ94) | AK102: =ISNUMBER(PLOs!AR94) | AL102: =ISTEXT(PLOs!AS94) | AM102: =ISNUMBER(PLOs!AT94) | AN102: =ISTEXT(PLOs!AU94) | AO102: =ISNUMBER(PLOs!AV94)
F103: =ISTEXT(PLOs!G95) | G103: =ISNUMBER(PLOs!H95) | H103: =ISTEXT(PLOs!I95) | I103: =ISNUMBER(PLOs!J95) | J103: =ISTEXT(PLOs!K95) | K103: =ISNUMBER(PLOs!L95) | L103: =ISTEXT(PLOs!M95) | M103: =ISNUMBER(PLOs!N95) | N103: =ISTEXT(PLOs!Q95) | O103: =ISNUMBER(PLOs!R95) | P103: =ISTEXT(PLOs!S95) | Q103: =ISNUMBER(PLOs!T95) | R103: =ISTEXT(PLOs!U95) | S103: =ISNUMBER(PLOs!V95) | T103: =ISTEXT(PLOs!W95) | U103: =ISNUMBER(PLOs!X95) | V103: =ISTEXT(PLOs!Y95) | W103: =ISNUMBER(PLOs!Z95) | X103: =ISTEXT(PLOs!AA95) | Y103: =ISNUMBER(PLOs!AB95) | Z103: =ISTEXT(PLOs!AG95) | AA103: =ISNUMBER(PLOs!AH95) | AB103: =ISTEXT(PLOs!AI95) | AC103: =ISNUMBER(PLOs!AJ95) | AD103: =ISTEXT(PLOs!AK95) | AE103: =ISNUMBER(PLOs!AL95) | AF103: =ISTEXT(PLOs!AM95) | AG103: =ISNUMBER(PLOs!AN95) | AH103: =ISTEXT(PLOs!AO95) | AI103: =ISNUMBER(PLOs!AP95) | AJ103: =ISTEXT(PLOs!AQ95) | AK103: =ISNUMBER(PLOs!AR95) | AL103: =ISTEXT(PLOs!AS95) | AM103: =ISNUMBER(PLOs!AT95) | AN103: =ISTEXT(PLOs!AU95) | AO103: =ISNUMBER(PLOs!AV95)
F104: =ISTEXT(PLOs!G96) | G104: =ISNUMBER(PLOs!H96) | H104: =ISTEXT(PLOs!I96) | I104: =ISNUMBER(PLOs!J96) | J104: =ISTEXT(PLOs!K96) | K104: =ISNUMBER(PLOs!L96) | L104: =ISTEXT(PLOs!M96) | M104: =ISNUMBER(PLOs!N96) | N104: =ISTEXT(PLOs!Q96) | O104: =ISNUMBER(PLOs!R96) | P104: =ISTEXT(PLOs!S96) | Q104: =ISNUMBER(PLOs!T96) | R104: =ISTEXT(PLOs!U96) | S104: =ISNUMBER(PLOs!V96) | T104: =ISTEXT(PLOs!W96) | U104: =ISNUMBER(PLOs!X96) | V104: =ISTEXT(PLOs!Y96) | W104: =ISNUMBER(PLOs!Z96) | X104: =ISTEXT(PLOs!AA96) | Y104: =ISNUMBER(PLOs!AB96) | Z104: =ISTEXT(PLOs!AG96) | AA104: =ISNUMBER(PLOs!AH96) | AB104: =ISTEXT(PLOs!AI96) | AC104: =ISNUMBER(PLOs!AJ96) | AD104: =ISTEXT(PLOs!AK96) | AE104: =ISNUMBER(PLOs!AL96) | AF104: =ISTEXT(PLOs!AM96) | AG104: =ISNUMBER(PLOs!AN96) | AH104: =ISTEXT(PLOs!AO96) | AI104: =ISNUMBER(PLOs!AP96) | AJ104: =ISTEXT(PLOs!AQ96) | AK104: =ISNUMBER(PLOs!AR96) | AL104: =ISTEXT(PLOs!AS96) | AM104: =ISNUMBER(PLOs!AT96) | AN104: =ISTEXT(PLOs!AU96) | AO104: =ISNUMBER(PLOs!AV96)
F105: =ISTEXT(PLOs!#REF!) | G105: =ISNUMBER(PLOs!#REF!) | H105: =ISTEXT(PLOs!#REF!) | I105: =ISNUMBER(PLOs!#REF!) | J105: =ISTEXT(PLOs!#REF!) | K105: =ISNUMBER(PLOs!#REF!) | L105: =ISTEXT(PLOs!#REF!) | M105: =ISNUMBER(PLOs!#REF!) | N105: =ISTEXT(PLOs!#REF!) | O105: =ISNUMBER(PLOs!#REF!) | P105: =ISTEXT(PLOs!#REF!) | Q105: =ISNUMBER(PLOs!#REF!) | R105: =ISTEXT(PLOs!#REF!) | S105: =ISNUMBER(PLOs!#REF!) | T105: =ISTEXT(PLOs!#REF!) | U105: =ISNUMBER(PLOs!#REF!) | V105: =ISTEXT(PLOs!#REF!) | W105: =ISNUMBER(PLOs!#REF!) | X105: =ISTEXT(PLOs!#REF!) | Y105: =ISNUMBER(PLOs!#REF!) | Z105: =ISTEXT(PLOs!#REF!) | AA105: =ISNUMBER(PLOs!#REF!) | AB105: =ISTEXT(PLOs!#REF!) | AC105: =ISNUMBER(PLOs!#REF!) | AD105: =ISTEXT(PLOs!#REF!) | AE105: =ISNUMBER(PLOs!#REF!) | AF105: =ISTEXT(PLOs!#REF!) | AG105: =ISNUMBER(PLOs!#REF!) | AH105: =ISTEXT(PLOs!#REF!) | AI105: =ISNUMBER(PLOs!#REF!) | AJ105: =ISTEXT(PLOs!#REF!) | AK105: =ISNUMBER(PLOs!#REF!) | AL105: =ISTEXT(PLOs!#REF!) | AM105: =ISNUMBER(PLOs!#REF!) | AN105: =ISTEXT(PLOs!#REF!) | AO105: =ISNUMBER(PLOs!#REF!)
F106: =ISTEXT(PLOs!G97) | G106: =ISNUMBER(PLOs!H97) | H106: =ISTEXT(PLOs!I97) | I106: =ISNUMBER(PLOs!J97) | J106: =ISTEXT(PLOs!K97) | K106: =ISNUMBER(PLOs!L97) | L106: =ISTEXT(PLOs!M97) | M106: =ISNUMBER(PLOs!N97) | N106: =ISTEXT(PLOs!Q97) | O106: =ISNUMBER(PLOs!R97) | P106: =ISTEXT(PLOs!S97) | Q106: =ISNUMBER(PLOs!T97) | R106: =ISTEXT(PLOs!U97) | S106: =ISNUMBER(PLOs!V97) | T106: =ISTEXT(PLOs!W97) | U106: =ISNUMBER(PLOs!X97) | V106: =ISTEXT(PLOs!Y97) | W106: =ISNUMBER(PLOs!Z97) | X106: =ISTEXT(PLOs!AA97) | Y106: =ISNUMBER(PLOs!AB97) | Z106: =ISTEXT(PLOs!AG97) | AA106: =ISNUMBER(PLOs!AH97) | AB106: =ISTEXT(PLOs!AI97) | AC106: =ISNUMBER(PLOs!AJ97) | AD106: =ISTEXT(PLOs!AK97) | AE106: =ISNUMBER(PLOs!AL97) | AF106: =ISTEXT(PLOs!AM97) | AG106: =ISNUMBER(PLOs!AN97) | AH106: =ISTEXT(PLOs!AO97) | AI106: =ISNUMBER(PLOs!AP97) | AJ106: =ISTEXT(PLOs!AQ97) | AK106: =ISNUMBER(PLOs!AR97) | AL106: =ISTEXT(PLOs!AS97) | AM106: =ISNUMBER(PLOs!AT97) | AN106: =ISTEXT(PLOs!AU97) | AO106: =ISNUMBER(PLOs!AV97)
F107: =ISTEXT(PLOs!G98) | G107: =ISNUMBER(PLOs!H98) | H107: =ISTEXT(PLOs!I98) | I107: =ISNUMBER(PLOs!J98) | J107: =ISTEXT(PLOs!K98) | K107: =ISNUMBER(PLOs!L98) | L107: =ISTEXT(PLOs!M98) | M107: =ISNUMBER(PLOs!N98) | N107: =ISTEXT(PLOs!Q98) | O107: =ISNUMBER(PLOs!R98) | P107: =ISTEXT(PLOs!S98) | Q107: =ISNUMBER(PLOs!T98) | R107: =ISTEXT(PLOs!U98) | S107: =ISNUMBER(PLOs!V98) | T107: =ISTEXT(PLOs!W98) | U107: =ISNUMBER(PLOs!X98) | V107: =ISTEXT(PLOs!Y98) | W107: =ISNUMBER(PLOs!Z98) | X107: =ISTEXT(PLOs!AA98) | Y107: =ISNUMBER(PLOs!AB98) | Z107: =ISTEXT(PLOs!AG98) | AA107: =ISNUMBER(PLOs!AH98) | AB107: =ISTEXT(PLOs!AI98) | AC107: =ISNUMBER(PLOs!AJ98) | AD107: =ISTEXT(PLOs!AK98) | AE107: =ISNUMBER(PLOs!AL98) | AF107: =ISTEXT(PLOs!AM98) | AG107: =ISNUMBER(PLOs!AN98) | AH107: =ISTEXT(PLOs!AO98) | AI107: =ISNUMBER(PLOs!AP98) | AJ107: =ISTEXT(PLOs!AQ98) | AK107: =ISNUMBER(PLOs!AR98) | AL107: =ISTEXT(PLOs!AS98) | AM107: =ISNUMBER(PLOs!AT98) | AN107: =ISTEXT(PLOs!AU98) | AO107: =ISNUMBER(PLOs!AV98)
F108: =ISTEXT(PLOs!G99) | G108: =ISNUMBER(PLOs!H99) | H108: =ISTEXT(PLOs!I99) | I108: =ISNUMBER(PLOs!J99) | J108: =ISTEXT(PLOs!K99) | K108: =ISNUMBER(PLOs!L99) | L108: =ISTEXT(PLOs!M99) | M108: =ISNUMBER(PLOs!N99) | N108: =ISTEXT(PLOs!Q99) | O108: =ISNUMBER(PLOs!R99) | P108: =ISTEXT(PLOs!S99) | Q108: =ISNUMBER(PLOs!T99) | R108: =ISTEXT(PLOs!U99) | S108: =ISNUMBER(PLOs!V99) | T108: =ISTEXT(PLOs!W99) | U108: =ISNUMBER(PLOs!X99) | V108: =ISTEXT(PLOs!Y99) | W108: =ISNUMBER(PLOs!Z99) | X108: =ISTEXT(PLOs!AA99) | Y108: =ISNUMBER(PLOs!AB99) | Z108: =ISTEXT(PLOs!AG99) | AA108: =ISNUMBER(PLOs!AH99) | AB108: =ISTEXT(PLOs!AI99) | AC108: =ISNUMBER(PLOs!AJ99) | AD108: =ISTEXT(PLOs!AK99) | AE108: =ISNUMBER(PLOs!AL99) | AF108: =ISTEXT(PLOs!AM99) | AG108: =ISNUMBER(PLOs!AN99) | AH108: =ISTEXT(PLOs!AO99) | AI108: =ISNUMBER(PLOs!AP99) | AJ108: =ISTEXT(PLOs!AQ99) | AK108: =ISNUMBER(PLOs!AR99) | AL108: =ISTEXT(PLOs!AS99) | AM108: =ISNUMBER(PLOs!AT99) | AN108: =ISTEXT(PLOs!AU99) | AO108: =ISNUMBER(PLOs!AV99)
F109: =ISTEXT(PLOs!G100) | G109: =ISNUMBER(PLOs!H100) | H109: =ISTEXT(PLOs!I100) | I109: =ISNUMBER(PLOs!J100) | J109: =ISTEXT(PLOs!K100) | K109: =ISNUMBER(PLOs!L100) | L109: =ISTEXT(PLOs!M100) | M109: =ISNUMBER(PLOs!N100) | N109: =ISTEXT(PLOs!Q100) | O109: =ISNUMBER(PLOs!R100) | P109: =ISTEXT(PLOs!S100) | Q109: =ISNUMBER(PLOs!T100) | R109: =ISTEXT(PLOs!U100) | S109: =ISNUMBER(PLOs!V100) | T109: =ISTEXT(PLOs!W101) | U109: =ISNUMBER(PLOs!X100) | V109: =ISTEXT(PLOs!Y100) | W109: =ISNUMBER(PLOs!Z100) | X109: =ISTEXT(PLOs!AA100) | Y109: =ISNUMBER(PLOs!AB100) | Z109: =ISTEXT(PLOs!AG100) | AA109: =ISNUMBER(PLOs!AH100) | AB109: =ISTEXT(PLOs!AI100) | AC109: =ISNUMBER(PLOs!AJ100) | AD109: =ISTEXT(PLOs!AK100) | AE109: =ISNUMBER(PLOs!AL100) | AF109: =ISTEXT(PLOs!AM100) | AG109: =ISNUMBER(PLOs!AN100) | AH109: =ISTEXT(PLOs!AO100) | AI109: =ISNUMBER(PLOs!AP100) | AJ109: =ISTEXT(PLOs!AQ100) | AK109: =ISNUMBER(PLOs!AR100) | AL109: =ISTEXT(PLOs!AS100) | AM109: =ISNUMBER(PLOs!AT100) | AN109: =ISTEXT(PLOs!AU100) | AO109: =ISNUMBER(PLOs!AV100)
F110: =ISTEXT(PLOs!G101) | G110: =ISNUMBER(PLOs!H101) | H110: =ISTEXT(PLOs!I101) | I110: =ISNUMBER(PLOs!J101) | J110: =ISTEXT(PLOs!K101) | K110: =ISNUMBER(PLOs!L101) | L110: =ISTEXT(PLOs!M101) | M110: =ISNUMBER(PLOs!N101) | N110: =ISTEXT(PLOs!Q101) | O110: =ISNUMBER(PLOs!R101) | P110: =ISTEXT(PLOs!S101) | Q110: =ISNUMBER(PLOs!T101) | R110: =ISTEXT(PLOs!U101) | S110: =ISNUMBER(PLOs!V101) | T110: =ISTEXT(PLOs!W102) | U110: =ISNUMBER(PLOs!X101) | V110: =ISTEXT(PLOs!Y101) | W110: =ISNUMBER(PLOs!Z101) | X110: =ISTEXT(PLOs!AA101) | Y110: =ISNUMBER(PLOs!AB101) | Z110: =ISTEXT(PLOs!AG101) | AA110: =ISNUMBER(PLOs!AH101) | AB110: =ISTEXT(PLOs!AI101) | AC110: =ISNUMBER(PLOs!AJ101) | AD110: =ISTEXT(PLOs!AK101) | AE110: =ISNUMBER(PLOs!AL101) | AF110: =ISTEXT(PLOs!AM101) | AG110: =ISNUMBER(PLOs!AN101) | AH110: =ISTEXT(PLOs!AO101) | AI110: =ISNUMBER(PLOs!AP101) | AJ110: =ISTEXT(PLOs!AQ101) | AK110: =ISNUMBER(PLOs!AR101) | AL110: =ISTEXT(PLOs!AS101) | AM110: =ISNUMBER(PLOs!AT101) | AN110: =ISTEXT(PLOs!AU101) | AO110: =ISNUMBER(PLOs!AV101)
F111: =ISTEXT(PLOs!G102) | G111: =ISNUMBER(PLOs!H102) | H111: =ISTEXT(PLOs!I102) | I111: =ISNUMBER(PLOs!J102) | J111: =ISTEXT(PLOs!K102) | K111: =ISNUMBER(PLOs!L102) | L111: =ISTEXT(PLOs!M102) | M111: =ISNUMBER(PLOs!N102) | N111: =ISTEXT(PLOs!Q102) | O111: =ISNUMBER(PLOs!R102) | P111: =ISTEXT(PLOs!S102) | Q111: =ISNUMBER(PLOs!T102) | R111: =ISTEXT(PLOs!U102) | S111: =ISNUMBER(PLOs!V102) | T111: =ISTEXT(PLOs!W103) | U111: =ISNUMBER(PLOs!X102) | V111: =ISTEXT(PLOs!Y102) | W111: =ISNUMBER(PLOs!Z102) | X111: =ISTEXT(PLOs!AA102) | Y111: =ISNUMBER(PLOs!AB102) | Z111: =ISTEXT(PLOs!AG102) | AA111: =ISNUMBER(PLOs!AH102) | AB111: =ISTEXT(PLOs!AI102) | AC111: =ISNUMBER(PLOs!AJ102) | AD111: =ISTEXT(PLOs!AK102) | AE111: =ISNUMBER(PLOs!AL102) | AF111: =ISTEXT(PLOs!AM102) | AG111: =ISNUMBER(PLOs!AN102) | AH111: =ISTEXT(PLOs!AO102) | AI111: =ISNUMBER(PLOs!AP102) | AJ111: =ISTEXT(PLOs!AQ102) | AK111: =ISNUMBER(PLOs!AR102) | AL111: =ISTEXT(PLOs!AS102) | AM111: =ISNUMBER(PLOs!AT102) | AN111: =ISTEXT(PLOs!AU102) | AO111: =ISNUMBER(PLOs!AV102)
F112: =ISTEXT(PLOs!G103) | G112: =ISNUMBER(PLOs!H103) | H112: =ISTEXT(PLOs!I103) | I112: =ISNUMBER(PLOs!J103) | J112: =ISTEXT(PLOs!K103) | K112: =ISNUMBER(PLOs!L103) | L112: =ISTEXT(PLOs!M103) | M112: =ISNUMBER(PLOs!N103) | N112: =ISTEXT(PLOs!Q103) | O112: =ISNUMBER(PLOs!R103) | P112: =ISTEXT(PLOs!S103) | Q112: =ISNUMBER(PLOs!T103) | R112: =ISTEXT(PLOs!U103) | S112: =ISNUMBER(PLOs!V103) | T112: =ISTEXT(PLOs!W104) | U112: =ISNUMBER(PLOs!X103) | V112: =ISTEXT(PLOs!Y103) | W112: =ISNUMBER(PLOs!Z103) | X112: =ISTEXT(PLOs!AA103) | Y112: =ISNUMBER(PLOs!AB103) | Z112: =ISTEXT(PLOs!AG103) | AA112: =ISNUMBER(PLOs!AH103) | AB112: =ISTEXT(PLOs!AI103) | AC112: =ISNUMBER(PLOs!AJ103) | AD112: =ISTEXT(PLOs!AK103) | AE112: =ISNUMBER(PLOs!AL103) | AF112: =ISTEXT(PLOs!AM103) | AG112: =ISNUMBER(PLOs!AN103) | AH112: =ISTEXT(PLOs!AO103) | AI112: =ISNUMBER(PLOs!AP103) | AJ112: =ISTEXT(PLOs!AQ103) | AK112: =ISNUMBER(PLOs!AR103) | AL112: =ISTEXT(PLOs!AS103) | AM112: =ISNUMBER(PLOs!AT103) | AN112: =ISTEXT(PLOs!AU103) | AO112: =ISNUMBER(PLOs!AV103)
F113: =ISTEXT(PLOs!G104) | G113: =ISNUMBER(PLOs!H104) | H113: =ISTEXT(PLOs!I104) | I113: =ISNUMBER(PLOs!J104) | J113: =ISTEXT(PLOs!K104) | K113: =ISNUMBER(PLOs!L104) | L113: =ISTEXT(PLOs!M104) | M113: =ISNUMBER(PLOs!N104) | N113: =ISTEXT(PLOs!Q104) | O113: =ISNUMBER(PLOs!R104) | P113: =ISTEXT(PLOs!S104) | Q113: =ISNUMBER(PLOs!T104) | R113: =ISTEXT(PLOs!U104) | S113: =ISNUMBER(PLOs!V104) | T113: =ISTEXT(PLOs!W105) | U113: =ISNUMBER(PLOs!X104) | V113: =ISTEXT(PLOs!Y104) | W113: =ISNUMBER(PLOs!Z104) | X113: =ISTEXT(PLOs!AA104) | Y113: =ISNUMBER(PLOs!AB104) | Z113: =ISTEXT(PLOs!AG104) | AA113: =ISNUMBER(PLOs!AH104) | AB113: =ISTEXT(PLOs!AI104) | AC113: =ISNUMBER(PLOs!AJ104) | AD113: =ISTEXT(PLOs!AK104) | AE113: =ISNUMBER(PLOs!AL104) | AF113: =ISTEXT(PLOs!AM104) | AG113: =ISNUMBER(PLOs!AN104) | AH113: =ISTEXT(PLOs!AO104) | AI113: =ISNUMBER(PLOs!AP104) | AJ113: =ISTEXT(PLOs!AQ104) | AK113: =ISNUMBER(PLOs!AR104) | AL113: =ISTEXT(PLOs!AS104) | AM113: =ISNUMBER(PLOs!AT104) | AN113: =ISTEXT(PLOs!AU104) | AO113: =ISNUMBER(PLOs!AV104)
F114: =ISTEXT(PLOs!G105) | G114: =ISNUMBER(PLOs!H105) | H114: =ISTEXT(PLOs!I105) | I114: =ISNUMBER(PLOs!J105) | J114: =ISTEXT(PLOs!K105) | K114: =ISNUMBER(PLOs!L105) | L114: =ISTEXT(PLOs!M105) | M114: =ISNUMBER(PLOs!N105) | N114: =ISTEXT(PLOs!Q105) | O114: =ISNUMBER(PLOs!R105) | P114: =ISTEXT(PLOs!S105) | Q114: =ISNUMBER(PLOs!T105) | R114: =ISTEXT(PLOs!U105) | S114: =ISNUMBER(PLOs!V105) | T114: =ISTEXT(PLOs!W106) | U114: =ISNUMBER(PLOs!X105) | V114: =ISTEXT(PLOs!Y105) | W114: =ISNUMBER(PLOs!Z105) | X114: =ISTEXT(PLOs!AA105) | Y114: =ISNUMBER(PLOs!AB105) | Z114: =ISTEXT(PLOs!AG105) | AA114: =ISNUMBER(PLOs!AH105) | AB114: =ISTEXT(PLOs!AI105) | AC114: =ISNUMBER(PLOs!AJ105) | AD114: =ISTEXT(PLOs!AK105) | AE114: =ISNUMBER(PLOs!AL105) | AF114: =ISTEXT(PLOs!AM105) | AG114: =ISNUMBER(PLOs!AN105) | AH114: =ISTEXT(PLOs!AO105) | AI114: =ISNUMBER(PLOs!AP105) | AJ114: =ISTEXT(PLOs!AQ105) | AK114: =ISNUMBER(PLOs!AR105) | AL114: =ISTEXT(PLOs!AS105) | AM114: =ISNUMBER(PLOs!AT105) | AN114: =ISTEXT(PLOs!AU105) | AO114: =ISNUMBER(PLOs!AV105)
...
